,cid,caixi,cname,cprice,leix,didan,lirun,cphoto
0,18242,徽菜,四味迎嘉宾,159,其他类,1638,39,http://pic89.huitu.com/res/20161107/729306_20161107131615030050_1.jpg
1,18243,苏菜,潮式大拼盘,155,其他类,198,67,http://pic115.huitu.com/res/20190320/16788_20190320184657421036_1.jpg
2,18244,粤菜,人参蒸土鸡,147,肉类,715,37,https://gss2.bdstatic.com/9fo3dSag_xI4khGkpoWK1HF6hhy/baike/c0%3Dbaike150%2C5%2C5%2C150%2C50/sign=2240b39c913df8dcb23087c3ac7819ee/9f510fb30f2442a78bbc40cedf43ad4bd113022e.jpg
3,18245,川菜,白灼大明虾,35,海鲜类,938,15,https://gss3.bdstatic.com/7Po3dSag_xI4khGkpoWK1HF6hhy/baike/c0%3Dbaike80%2C5%2C5%2C80%2C26/sign=01bc3fd6dc09b3deffb2ec3aadd607e4/dbb44aed2e738bd4e4ee2a8fac8b87d6267ff945.jpg
4,18246,粤菜,姜葱炒肉蟹,150,海鲜类,1306,61,https://gss3.bdstatic.com/7Po3dSag_xI4khGkpoWK1HF6hhy/baike/c0%3Dbaike80%2C5%2C5%2C80%2C26/sign=4e8550c0ba0e7bec37d70bb34e47d25d/0e2442a7d933c895a6c7dcb4d31373f083020047.jpg
5,18247,粤菜,红烧水鱼钵,169,鱼类,1251,96,
6,18248,徽菜,盐菜蒸扣肉,91,肉类,266,58,http://pic32.huitu.com/res/20150605/49240_20150605131744380200_1.jpg
7,18249,浙菜,红椒黄牛肉,158,肉类,1485,45,view-source:http://pic42.huitu.com/res/20151204/1844_20151204182639509500_1.jpg
8,18250,鲁菜,干锅紫苏鸭,53,肉类,1253,38,http://pic85.huitu.com/res/20160826/260714_20160826195730996500_1.jpg
9,18251,湘菜,酸菜炒小笋,48,其他类,1993,48,https://ss0.bdstatic.com/94oJfD_bAAcT8t7mm9GUKT-xh_/timg?image&quality=100&size=b4000_4000&sec=1558103943&di=5285b0b494bdf5df2da443a802aa998a&src=http://icn.manzuocaipu.com/090/396704.jpg
10,18252,粤菜,淮山拼木耳,156,其他类,341,23,https://timgsa.baidu.com/timg?image&quality=80&size=b9999_10000&sec=1558114072067&di=96360df7781163fd5b12c41f802485fc&imgtype=0&src=http%3A%2F%2Fpic75.huitu.com%2Fres%2F20160518%2F575321_20160518221035708200_1.jpg
11,18253,徽菜,清蒸桂花鱼,158,鱼类,774,23,https://timgsa.baidu.com/timg?image&quality=80&size=b9999_10000&sec=1558114239548&di=54eb1f60e37dfaf4d96fffba8c5d302a&imgtype=0&src=http%3A%2F%2Fimages.tuniucdn.com%2Fimages%2F2012-06-06%2F0%2F06J2mmP8sg43mb97.jpg
12,18254,粤菜,碎炒广菜心,135,其他类,1978,89,https://timgsa.baidu.com/timg?image&quality=80&size=b9999_10000&sec=1558114281522&di=929b9894566ee8bacb8192d3dbcf4514&imgtype=0&src=http%3A%2F%2Fpic24.nipic.com%2F20121019%2F3385469_111755273158_2.jpg
13,18255,粤菜,美点映双辉,107,其他类,1653,18,https://timgsa.baidu.com/timg?image&quality=80&size=b9999_10000&sec=1558114308305&di=60a7e0ad4434088ae6b53c07938f6b6b&imgtype=0&src=http%3A%2F%2Fe.hiphotos.baidu.com%2Fbainuo%2Fcrop%3D0%2C0%2C1000%2C668%3Bw%3D690%3Bq%3D99%3Bc%3Dnuomi%2C95%2C95%2Fsign%3Db5b03ede17178a82da7325e0cb335fbd%2F908fa0ec08fa513d1101a8cc346d55fbb2fbd97d.jpg
14,18256,川菜,精美水果盘,68,其他类,1381,40,https://timgsa.baidu.com/timg?image&quality=80&size=b9999_10000&sec=1558114351332&di=dcc7b523239216224be69b80a00b3caa&imgtype=0&src=http%3A%2F%2Fimage.huahuibk.com%2Fuploads%2F20181227%2F15%2F1545895888-YEimbFSZqK.jpg
15,18257,湘菜,四位迎宾,92,其他类,860,34,http://pic89.huitu.com/res/20161107/729306_20161107131615030050_1.jpg
16,18258,浙菜,港式靓烤鸭,123,肉类,1941,69,https://timgsa.baidu.com/timg?image&quality=80&size=b9999_10000&sec=1558114409122&di=8e50f94b585e26592008f26c51af8c32&imgtype=0&src=http%3A%2F%2Fqcloud.dpfile.com%2Fpc%2FtNkZvkQjS4nvz2iVrWFxchXhfvi2LlD0m-Ae7DbScaTt4TSU1KAULxz_8F_WZU2aTYGVDmosZWTLal1WbWRW3A.jpg
17,18259,徽菜,双味大明虾,199,海鲜类,1138,25,https://timgsa.baidu.com/timg?image&quality=80&size=b9999_10000&sec=1558114449214&di=9a00c0d5aa2fa4ec0da946476bc34d4d&imgtype=0&src=http%3A%2F%2Fp0.meituan.net%2Fdealwatera%2Fc902933556af09a489c9ac3ddee06db7105647.jpg%40407h_702w_2e_90Q%257Cwatermark%3D1%26%26p%3D4
18,18260,湘菜,什锦肉丸火锅,119,肉类,574,56,https://timgsa.baidu.com/timg?image&quality=80&size=b9999_10000&sec=1558114489376&di=a79b62fdf1bad3f08066f008b26b7681&imgtype=0&src=http%3A%2F%2Fp.cdn.sohu.com%2Fbc4e413e%2F86e0f0daeb21b9f820143d07edd4768c.jpeg
19,18261,浙菜,干锅烧甲鱼,88,鱼类,1652,64,https://timgsa.baidu.com/timg?image&quality=80&size=b9999_10000&sec=1558114532169&di=a89f8c39cdbe83995f2776b12770ca65&imgtype=0&src=http%3A%2F%2Fpic109.huitu.com%2Fres%2F20180830%2F1827835_20180830114052412070_1.jpg
20,18262,鲁菜,干锅青椒焖鸡,190,肉类,829,70,https://timgsa.baidu.com/timg?image&quality=80&size=b9999_10000&sec=1558114603215&di=cd99c000b85a42d604c04fac8c9247c3&imgtype=0&src=http%3A%2F%2Fpic98.huitu.com%2Fres%2F20140407%2F439677_20140407141739861500_1.jpg
21,18263,鲁菜,大成霸王肘子,137,肉类,1443,50,https://timgsa.baidu.com/timg?image&quality=80&size=b9999_10000&sec=1558114644194&di=27d80bcdb03202101a539a02fce87693&imgtype=0&src=http%3A%2F%2Fpic18.nipic.com%2F20111228%2F2428183_173933279126_2.jpg
22,18264,湘菜,野山椒炒黄牛肉,60,肉类,1202,41,https://timgsa.baidu.com/timg?image&quality=80&size=b9999_10000&sec=1558114677137&di=d37f57d0c05817ecb807860598c97d53&imgtype=0&src=http%3A%2F%2Fs0.nuomi.bdimg.com%2Fupload%2F2014%2F08-06%2F1407322988812-7954.jpg
23,18265,粤菜,香辣跳跳蛙,124,肉类,892,58,https://timgsa.baidu.com/timg?image&quality=80&size=b9999_10000&sec=1558114714923&di=539e9662f632b6ccd7980d4e5e79f999&imgtype=0&src=http%3A%2F%2Fp0.meituan.net%2Fdealwatera%2F7a6cfc065854282fd7ea9541f56e95ab150399.jpg%40468h_702w_2e_90Q%257Cwatermark%3D1%26%26p%3D4
24,18266,湘菜,西芹百合炒金瓜,104,其他类,571,13,https://timgsa.baidu.com/timg?image&quality=80&size=b9999_10000&sec=1558114741315&di=94997d2330f5e69b2302de82b34ef154&imgtype=0&src=http%3A%2F%2Fs0.nuomi.bdimg.com%2Fupload%2F2013%2F03-30%2F1364630670640-0380.jpg
25,18267,徽菜,清蒸桂花鱼,94,鱼类,536,86,https://timgsa.baidu.com/timg?image&quality=80&size=b9999_10000&sec=1558114781713&di=4bdd0b7aa483adba279bacfdce64245e&imgtype=0&src=http%3A%2F%2Fp2.qhimgs4.com%2Ft015aa6392b300b04f0.jpg
26,18268,苏菜,养生双菌,164,其他类,449,35,https://timgsa.baidu.com/timg?image&quality=80&size=b9999_10000&sec=1558114811322&di=cb4a24eafaef683475a1ce54944086bf&imgtype=0&src=http%3A%2F%2Fs2.nuomi.bdimg.com%2Fupload%2F2014%2F07-02%2F1404282648288-7070.jpg
27,18269,粤菜,口磨靓时蔬,64,其他类,266,21,https://timgsa.baidu.com/timg?image&quality=80&size=b9999_10000&sec=1558114839082&di=d22c9591e6b50a77dce11aef84dfb055&imgtype=0&src=http%3A%2F%2Fp1.meituan.net%2Fdeal%2F__13767073__2170802.jpg
28,18270,川菜,美点双辉,57,其他类,1870,25,https://timgsa.baidu.com/timg?image&quality=80&size=b9999_10000&sec=1558114308305&di=60a7e0ad4434088ae6b53c07938f6b6b&imgtype=0&src=http%3A%2F%2Fe.hiphotos.baidu.com%2Fbainuo%2Fcrop%3D0%2C0%2C1000%2C668%3Bw%3D690%3Bq%3D99%3Bc%3Dnuomi%2C95%2C95%2Fsign%3Db5b03ede17178a82da7325e0cb335fbd%2F908fa0ec08fa513d1101a8cc346d55fbb2fbd97d.jpg
29,18271,川菜,幸福汤圆,180,其他类,109,69,https://timgsa.baidu.com/timg?image&quality=80&size=b9999_10000&sec=1558709623&di=46a059ef3121dfe068fa51efb4050c99&imgtype=jpg&er=1&src=http%3A%2F%2Fmmbiz.qpic.cn%2Fmmbiz_jpg%2F6oZTpn54nVlJ20iaZSgm5lDRniatu87JXibghJ1akoFyOWqokYjyicOicfpjy1rnt0y1HBuZwfqBSTTjKT4da7ialVsg%2F640%3Fwx_fmt%3Djpeg
30,18272,粤菜,喜庆鲜果盘,97,其他类,545,71,https://timgsa.baidu.com/timg?image&quality=80&size=b9999_10000&sec=1558114941048&di=a14612ee2a2fed2c49695df988f298aa&imgtype=0&src=http%3A%2F%2Fimage4.suning.cn%2Fuimg%2Fb2c%2Fnewcatentries%2F0070165044-000000010027069887_3_800x800.jpg
31,18273,浙菜,大成粒粒香,125,其他类,1518,96,"https://ss0.bdstatic.com/70cFuHSh_Q1YnxGkpoWK1HF6hhy/it/u=1690583864,1156411064&fm=26&gp=0.jpg"
32,18274,粤菜,绿茶纸巾,71,其他类,137,59,
33,18275,湘菜,养颜双仁,96,其他类,1664,21,https://timgsa.baidu.com/timg?image&quality=80&size=b9999_10000&sec=1558115011104&di=fcd234068e23e1a3963f2ac8d2de9a07&imgtype=0&src=http%3A%2F%2F01.imgmini.eastday.com%2Fmobile%2F20180228%2F20180228174007_41eb6cde4aee066ead3b4df3b599b0d7_7.jpeg
34,18276,川菜,开胃萝卜皮,133,其他类,1918,62,https://timgsa.baidu.com/timg?image&quality=80&size=b9999_10000&sec=1558115039054&di=d655469198b2fe14f57c290f7df2c59b&imgtype=0&src=http%3A%2F%2Fgss0.baidu.com%2F94o3dSag_xI4khGko9WTAnF6hhy%2Fzhidao%2Fpic%2Fitem%2F80cb39dbb6fd526600010388a918972bd4073607.jpg
35,18277,粤菜,香味豆笋,72,其他类,1145,66,https://timgsa.baidu.com/timg?image&quality=80&size=b9999_10000&sec=1558115082361&di=6b7a8560ef66d58de6291dad99eb406a&imgtype=0&src=http%3A%2F%2Fgss0.baidu.com%2F-Po3dSag_xI4khGko9WTAnF6hhy%2Fzhidao%2Fpic%2Fitem%2Ff703738da9773912002afeb4ff198618377ae2d3.jpg
36,18278,鲁菜,凉拌黑木耳,190,其他类,697,32,https://timgsa.baidu.com/timg?image&quality=80&size=b9999_10000&sec=1558115116109&di=090530f1e900a3a5ea8dc059a8767172&imgtype=0&src=http%3A%2F%2F5b0988e595225.cdn.sohucs.com%2Fimages%2F20180814%2Fcbdc304f254f437685a356ff4d230951.jpeg
37,18279,粤菜,潮州卤水拼盘,105,其他类,1437,89,https://timgsa.baidu.com/timg?image&quality=80&size=b9999_10000&sec=1558115149190&di=1085bee9e5ee82a19a8d58869df57d96&imgtype=0&src=http%3A%2F%2Fimg.redocn.com%2Fsheying%2F20150723%2Fchaozhoulushuipinpan_4715872.jpg
38,18280,徽菜,白灼大明虾,190,海鲜类,1830,91,https://timgsa.baidu.com/timg?image&quality=80&size=b9999_10000&sec=1558115175017&di=5f7057b89819f75005da8217d51a055e&imgtype=0&src=http%3A%2F%2Fp1.meituan.net%2Fdealwatera%2F8f33ca638cf87835928af47c45f025ea53457.jpg%40407h_702w_2e_90Q%257Cwatermark%3D1%26%26p%3D4
39,18281,粤菜,蒜茸蒸鲍鱼仔,118,鱼类,1647,54,https://timgsa.baidu.com/timg?image&quality=80&size=b9999_10000&sec=1558115204508&di=65676523da2e1e9b1c89f4fdfa64fd7f&imgtype=0&src=http%3A%2F%2Fp0.meituan.net%2Fdeal%2F3f3680ea68939f6cd73dec321949fd5a384993.jpg
40,18282,粤菜,清蒸多宝鱼,136,鱼类,1813,95,https://timgsa.baidu.com/timg?image&quality=80&size=b9999_10000&sec=1558115227993&di=f7ba2507bf874a3e2c16b9e63e0c0da9&imgtype=0&src=http%3A%2F%2Fpic161.nipic.com%2Ffile%2F20180411%2F26403536_104300708529_2.jpg
41,18283,湘菜,湘潭盐菜蒸小肘,162,肉类,1805,44,https://timgsa.baidu.com/timg?image&quality=80&size=b9999_10000&sec=1558710014&di=8894d1cb559fa658c6ebdf415829393e&imgtype=jpg&er=1&src=http%3A%2F%2F5b0988e595225.cdn.sohucs.com%2Fimages%2F20180219%2F63c101b25b354744a2308003b4c0e96d.jpeg
42,18284,浙菜,老火例汤,43,其他类,1634,36,https://timgsa.baidu.com/timg?image&quality=80&size=b9999_10000&sec=1558115316509&di=d38e166d1fbabf8ddf5c57870125094a&imgtype=0&src=http%3A%2F%2Fpccoo.cn%2Fstore%2F20130604%2F20130604094759231.jpg
43,18285,徽菜,土芹菜炒卤牛肉,164,肉类,1807,94,https://timgsa.baidu.com/timg?image&quality=80&size=b9999_10000&sec=1558115346760&di=a19b56eec37c05bdf42a1104d00dce19&imgtype=0&src=http%3A%2F%2Fimg.alicdn.com%2Fimgextra%2Fi1%2F1100464766%2FTB28zb_cJnJ8KJjSszdXXaxuFXa_%2521%25211100464766-0-daren.jpg
44,18286,徽菜,鸿福原味土鸡,169,肉类,814,27,https://timgsa.baidu.com/timg?image&quality=80&size=b9999_10000&sec=1558115373434&di=b8b05c647e16ee3fe0c5f3ff3dc4f2f6&imgtype=0&src=http%3A%2F%2Fpic39.nipic.com%2F20140319%2F5242641_123558208100_2.jpg
45,18287,徽菜,酱萝卜皮炒肚条,186,肉类,1539,73,https://timgsa.baidu.com/timg?image&quality=80&size=b9999_10000&sec=1558115400482&di=79428500f4928087ac500a50540ba26c&imgtype=0&src=http%3A%2F%2Fpic.nicaipu.com%2Fc47%2F736422.jpg
46,18288,浙菜,玉米炒百合,179,其他类,1449,25,https://timgsa.baidu.com/timg?image&quality=80&size=b9999_10000&sec=1558115419450&di=273058a35e4f75df238a4b3c0be85009&imgtype=0&src=http%3A%2F%2Fpic.pingguolv.com%2Fuploads%2Fallimg%2F180619%2F154-1P619205A1.jpg
47,18289,湘菜,湘阴家宴笋,50,其他类,601,23,https://timgsa.baidu.com/timg?image&quality=80&size=b9999_10000&sec=1558115470686&di=747735257ee21e45116b5325fe1275d1&imgtype=0&src=http%3A%2F%2Fimg.chiheba.com%2F2013%2F0613%2F123803%2F20130613123803931.jpg
48,18290,苏菜,清炒时蔬,130,其他类,959,48,https://timgsa.baidu.com/timg?image&quality=80&size=b9999_10000&sec=1558115488900&di=ca8f692423bf8197b9089d11df356b77&imgtype=0&src=http%3A%2F%2Fmmbiz.qpic.cn%2Fmmbiz_jpg%2FM2HaXmMc8pxkOcYvcgqtI5wUefnrZndNFcjicNk1LFm4bw8AHyot7tycaPoxggLUWwnINp72mSdcxNAlYM4JHiaA%2F640%3Fwx_fmt%3Djpeg
49,18291,粤菜,美点双辉,72,其他类,1403,53,https://timgsa.baidu.com/timg?image&quality=80&size=b9999_10000&sec=1558115522843&di=4e1ebe347556c05c8c2cdd4a692df3ea&imgtype=0&src=http%3A%2F%2Fp0.meituan.net%2Fdeal%2F__38896349__6317353.jpg
50,18292,浙菜,奉送水果,107,其他类,1712,24,https://timgsa.baidu.com/timg?image&quality=80&size=b9999_10000&sec=1558115545853&di=d110bde984ffcaa49622a8fcd5309274&imgtype=0&src=http%3A%2F%2Fi8.meishichina.com%2Fattachment%2Frecipe%2F2017%2F02%2F15%2F20170215148714541223910025459.jpg%40%2521p800
51,18293,粤菜,油酥火培鱼,175,鱼类,339,16,https://timgsa.baidu.com/timg?image&quality=80&size=b9999_10000&sec=1558115563343&di=cda9cd2420965a5ef7b3a3428980771a&imgtype=0&src=http%3A%2F%2Fimg.alicdn.com%2Fimgextra%2Fi1%2F1674694330%2FT2fKnSXy8aXXXXXXXX_%2521%25211674694330.jpg
52,18294,鲁菜,开胃萝卜条,168,其他类,1772,58,https://timgsa.baidu.com/timg?image&quality=80&size=b9999_10000&sec=1558115581814&di=60b823c49c9dabd95d11c93e7944b4c6&imgtype=0&src=http%3A%2F%2Fpic32.nipic.com%2F20130824%2F5792316_164719712189_2.jpg
53,18295,粤菜,凉拌皮蛋,98,其他类,1881,57,https://timgsa.baidu.com/timg?image&quality=80&size=b9999_10000&sec=1558115600765&di=24e64011791309c46481e8266f62b555&imgtype=0&src=http%3A%2F%2Fcp1.douguo.net%2Fupload%2Fcaiku%2F2%2Fb%2F3%2Fyuan_2be2fcdc39c74134e5529698cf9c26c3.jpeg
54,18296,鲁菜,凉拌黑木耳,71,其他类,1973,41,https://timgsa.baidu.com/timg?image&quality=80&size=b9999_10000&sec=1558115625225&di=29a2f30931db933c72d55a02047fbfc8&imgtype=0&src=http%3A%2F%2Fn.sinaimg.cn%2Fsinacn16%2F337%2Fw1198h739%2F20180325%2Ffb92-fysnevn0070612.jpg
55,18297,徽菜,潮州卤水拼盘,83,其他类,215,74,https://timgsa.baidu.com/timg?image&quality=80&size=b9999_10000&sec=1558115657094&di=288b42fcb7a5cf7892c6b3cd440993e8&imgtype=0&src=http%3A%2F%2Fp0.so.qhimgs1.com%2Ft014e780ee7142565ea.jpg
56,18298,湘菜,白灼大明虾,52,海鲜类,1331,50,https://timgsa.baidu.com/timg?image&quality=80&size=b9999_10000&sec=1558115682763&di=0517a29ffa21890355187497028644ac&imgtype=0&src=http%3A%2F%2Fe.hiphotos.baidu.com%2Fbainuo%2Fcrop%3D0%2C0%2C964%2C640%3Bw%3D690%3Bq%3D99%3Bc%3Dnuomi%2C95%2C95%2Fsign%3D93c6d85a5f82b2b7b3d063840c9de7df%2F6d81800a19d8bc3e83b74694848ba61ea8d34534.jpg
57,18299,鲁菜,冬菜蒸北极红龙鱼,178,鱼类,1125,91,https://timgsa.baidu.com/timg?image&quality=80&size=b9999_10000&sec=1558115703193&di=9ee20ffa02c4b5521cff8c87483c7fd3&imgtype=0&src=http%3A%2F%2Fimg3.redocn.com%2Ftupian%2F20141119%2Fmeiweidebeijihonglongyu_3460035.jpg
58,18300,鲁菜,蒜茸蒸元贝,88,海鲜类,586,22,https://timgsa.baidu.com/timg?image&quality=80&size=b9999_10000&sec=1558115730741&di=681acf5e0ba5ae9ad3229af810f032cd&imgtype=0&src=http%3A%2F%2Fs0.nuomi.bdimg.com%2Fupload%2F2012%2F03-16%2F1331874482792-4154.jpg
59,18301,徽菜,辣酒煮小花螺,69,海鲜类,667,17,https://timgsa.baidu.com/timg?image&quality=80&size=b9999_10000&sec=1558710471&di=8adcaf3be03f0fb1a14827ad1f3a0832&imgtype=jpg&er=1&src=http%3A%2F%2Fupload4.95171.cn%2FTopics%2F20151124%2FH21J27N51863%2Ff712fb84-2c20-43ae-92af-8a42c1ad1388.jpg
60,18302,浙菜,老火例汤,46,其他类,1825,33,https://timgsa.baidu.com/timg?image&quality=80&size=b9999_10000&sec=1558115772069&di=5efb25b383fc43a48e2e3e19c81d8d12&imgtype=0&src=http%3A%2F%2Fwww.ah.chinanews.com.cn%2Fcr%2F2018%2F1225%2F162237089.jpg
61,18303,苏菜,自制风吹牛肉,66,肉类,1751,48,https://timgsa.baidu.com/timg?image&quality=80&size=b9999_10000&sec=1558710514&di=bb1de357b5f4cb17a518745446a2e0fc&imgtype=jpg&er=1&src=http%3A%2F%2Fimage.tupian114.com%2F20140606%2F01411426.jpg
62,18304,川菜,玉米炒百合,82,其他类,759,49,https://timgsa.baidu.com/timg?image&quality=80&size=b9999_10000&sec=1558115814159&di=bb15c63b1a5015c2557f880d21591888&imgtype=0&src=http%3A%2F%2Fimg3.redocn.com%2Ftupian%2F20141105%2Fyumibaihe_3398773.jpg
63,18305,鲁菜,干锅花猪肉,182,肉类,1071,83,"https://ss1.bdstatic.com/70cFuXSh_Q1YnxGkpoWK1HF6hhy/it/u=3547589228,2951007193&fm=26&gp=0.jpg"
64,18306,粤菜,鲜芦笋焖猪肚,80,肉类,1506,73,https://timgsa.baidu.com/timg?image&quality=80&size=b9999_10000&sec=1558115864493&di=25d07444977288503a9eaf39e85a0b80&imgtype=0&src=http%3A%2F%2Fs9.rr.itc.cn%2Fr%2FwapChange%2F20175_31_15%2Fa99z6n9945136069022.jpg
65,18307,浙菜,湘阴家宴笋,188,其他类,634,26,https://timgsa.baidu.com/timg?image&quality=80&size=b9999_10000&sec=1558115887931&di=bff5b4b2b7d67b9ce93b739358d3d634&imgtype=0&src=http%3A%2F%2Fimg.chiheba.com%2F2013%2F0613%2F123803%2F20130613123803931.jpg
66,18308,川菜,清炒时蔬,90,其他类,1792,59,https://timgsa.baidu.com/timg?image&quality=80&size=b9999_10000&sec=1558115910750&di=ad0b28e92c50374ba33c9cb84da002d5&imgtype=0&src=http%3A%2F%2Fmmbiz.qpic.cn%2Fmmbiz_jpg%2FM2HaXmMc8pxkOcYvcgqtI5wUefnrZndNFcjicNk1LFm4bw8AHyot7tycaPoxggLUWwnINp72mSdcxNAlYM4JHiaA%2F640%3Fwx_fmt%3Djpeg
67,18309,川菜,美点双辉,106,其他类,1910,70,https://timgsa.baidu.com/timg?image&quality=80&size=b9999_10000&sec=1558115929871&di=8df5be76f704b201763d54d4593a174e&imgtype=0&src=http%3A%2F%2Fimg.redocn.com%2Fsheying%2F20160517%2Fshishangmeidianyingshuanghui_6326805.jpg
68,18310,浙菜,奉送水果,163,其他类,694,40,https://timgsa.baidu.com/timg?image&quality=80&size=b9999_10000&sec=1558115953939&di=d977da626c8dadfd21fd72962be3bea6&imgtype=0&src=http%3A%2F%2Fimg4.ph.126.net%2F1deYuzpDt57O9hY0Sayl7Q%3D%3D%2F6597548054215092874.png
69,18311,粤菜,四位迎宾,200,其他类,800,90,
70,18312,鲁菜,妙龄枇杷乳鸽,53,肉类,818,30,https://timgsa.baidu.com/timg?image&quality=80&size=b9999_10000&sec=1558116025229&di=a3dcac3f3bb863dbef27b90fab9cdc7a&imgtype=0&src=http%3A%2F%2Fpic16.nipic.com%2F20110917%2F2071242_115437279191_2.jpg
71,18313,川菜,白灼大明虾,120,海鲜类,1159,56,https://timgsa.baidu.com/timg?image&quality=80&size=b9999_10000&sec=1558116060317&di=d1914980d636cd742f74d5af5a4d6566&imgtype=0&src=http%3A%2F%2Fn.sinaimg.cn%2Fsinacn10%2F181%2Fw1122h659%2F20181122%2F0599-hmhswin7216057.jpg
72,18314,湘菜,蒜茸粉丝蒸元贝,128,海鲜类,250,13,https://timgsa.baidu.com/timg?image&quality=80&size=b9999_10000&sec=1558116085500&di=4916244db7a6c7d47140797fb0f33c39&imgtype=0&src=http%3A%2F%2Fhbimg.b0.upaiyun.com%2F858255fcaa08239d2176d131eaedca23ed820bca1984a-lYhhuP_fw658
73,18315,浙菜,吉祥三宝,70,其他类,804,36,https://timgsa.baidu.com/timg?image&quality=80&size=b9999_10000&sec=1558116136511&di=b1b9f6647e69f5fb78718b5893505692&imgtype=0&src=http%3A%2F%2Fimg.9ku.com%2Fgeshoutuji%2Fsingertuji%2F2%2F2822%2F2822_8.jpg
74,18316,粤菜,虫草花炖鸡,66,肉类,814,64,https://timgsa.baidu.com/timg?image&quality=80&size=b9999_10000&sec=1558116161377&di=6f31f40d20769912cfa6d6eba4521778&imgtype=0&src=http%3A%2F%2Fp1.meituan.net%2Fdeal%2F24902d8367ef746807757a6f8ad9ab7b119632.jpg
75,18317,浙菜,姜葱炒肉蟹,62,海鲜类,1080,42,"https://ss2.bdstatic.com/70cFvnSh_Q1YnxGkpoWK1HF6hhy/it/u=2655384680,1811294098&fm=26&gp=0.jpg"
76,18318,粤菜,干锅海皇牛肉,120,肉类,1732,52,https://timgsa.baidu.com/timg?image&quality=80&size=b9999_10000&sec=1558116211472&di=ed4285f90f84d7a79f187977cd1bc0fb&imgtype=0&src=http%3A%2F%2Fpccoo.cn%2Fstore%2F20121109%2F20121109174057609.jpg
77,18319,徽菜,雀巢西芹百合,86,其他类,1378,13,https://timgsa.baidu.com/timg?image&quality=80&size=b9999_10000&sec=1558116230678&di=645a5c67c9865e5349be53488dac6106&imgtype=0&src=http%3A%2F%2Fwww.mux5.com%2Fpicture%2F60b39012e391ee21fc1ea27e30f6bb64.jpg
78,18320,粤菜,清蒸多宝鱼,56,鱼类,543,41,https://timgsa.baidu.com/timg?image&quality=80&size=b9999_10000&sec=1558116249478&di=1bb416c39e113a1351df8cb2f68a312f&imgtype=0&src=http%3A%2F%2Fpic161.nipic.com%2Ffile%2F20180411%2F26403536_104300708529_2.jpg
79,18321,湘菜,霸王肘子,148,肉类,814,40,https://timgsa.baidu.com/timg?image&quality=80&size=b9999_10000&sec=1558116299413&di=9a8089066375d20cb715396c9d60b2cc&imgtype=0&src=http%3A%2F%2Fpic14.photophoto.cn%2F20100325%2F0042040278866848_b.jpg
80,18322,湘菜,养生双菌,171,其他类,1707,83,https://timgsa.baidu.com/timg?image&quality=80&size=b9999_10000&sec=1558116327731&di=a71cb71aa0118d176867d3759c2c1e7d&imgtype=0&src=http%3A%2F%2Fs2.nuomi.bdimg.com%2Fupload%2F2014%2F07-02%2F1404282648288-7070.jpg
81,18323,徽菜,百菇扒时蔬,57,其他类,1425,40,https://timgsa.baidu.com/timg?image&quality=80&size=b9999_10000&sec=1558116349711&di=91c27855d71fed62bf727676b5a0be66&imgtype=0&src=http%3A%2F%2Fs1.nuomi.bdimg.com%2Fupload%2F2012%2F12-26%2F1356517980252-0937.jpg
82,18324,湘菜,葡式蛋挞,165,其他类,1106,68,https://timgsa.baidu.com/timg?image&quality=80&size=b9999_10000&sec=1558116374570&di=820cea7f4cf3c676d932ae786c378948&imgtype=0&src=http%3A%2F%2Fmmbiz.qpic.cn%2Fmmbiz_jpg%2FoYwbdfqe0Z0SiasF0mj0Uq6pr8YzkHic3Gob2LmIR2JeEibkL7tboKrUw4StBviaMh2z1WzBo8BdXB8ONoSvcWcDIw%2F0%3Fwx_fmt%3Djpeg
83,18325,鲁菜,幸福汤圆,56,其他类,242,29,"https://ss0.bdstatic.com/70cFvHSh_Q1YnxGkpoWK1HF6hhy/it/u=3361863883,776566145&fm=15&gp=0.jpg"
84,18326,粤菜,喜庆鲜果盘,51,其他类,1654,23,https://timgsa.baidu.com/timg?image&quality=80&size=b9999_10000&sec=1558711182&di=706600b15c44ef4e7a546dc342d251c5&imgtype=jpg&er=1&src=http%3A%2F%2Fimg011.hc360.cn%2Fy4%2FM06%2F0A%2FC1%2FwKhQiFT4MJ2Ed6n8AAAAADwf0sI834.jpg
85,18327,徽菜,大成粒粒香,92,其他类,593,42,https://timgsa.baidu.com/timg?image&quality=80&size=b9999_10000&sec=1558116508189&di=0ba51af406be239da43c34fd7d4ae9ce&imgtype=0&src=http%3A%2F%2Fimg.alicdn.com%2Fimgextra%2Fi2%2F792616142%2FTB2643EbpXXXXXqXpXXXXXXXXXX-792616142.jpg
86,18328,鲁菜,绿茶纸巾,153,其他类,1026,89,
87,18329,川菜,迎宾四小碟,112,其他类,1739,27,https://timgsa.baidu.com/timg?image&quality=80&size=b9999_10000&sec=1558116536706&di=8a504f13ff1bed9fa916b3e8c8b9ea90&imgtype=0&src=http%3A%2F%2Fqcloud.dpfile.com%2Fpc%2FXh_xhEnrJKlG_45axvBP8dB5oeqv9c78UOo12ISJDLd6X-SGifYn7dkErBNhKP0AjoJrvItByyS4HHaWdXyO_DrXIaWutJls2xCVbatkhjUNNiIYVnHvzugZCuBITtvjski7YaLlHpkrQUr5euoQrg.jpg
88,18330,川菜,鸿运乳猪全体,102,肉类,1285,47,https://timgsa.baidu.com/timg?image&quality=80&size=b9999_10000&sec=1558116577231&di=ec84c395149191fbcbd4e450fb2fa321&imgtype=0&src=http%3A%2F%2Fe.hiphotos.baidu.com%2Flbc%2Fw%253D448%253Bq%253D90%2Fsign%3D7cc8f88a97cad1c8d0bbfd2347051634%2F10dfa9ec8a1363272e562a96938fa0ec09fac7d8.jpg
89,18331,川菜,姬松茸炖土鸡,25,肉类,1766,23,https://timgsa.baidu.com/timg?image&quality=80&size=b9999_10000&sec=1558116615873&di=3da5b9e4a014edfe7bbd0c1a9e9b07d6&imgtype=0&src=http%3A%2F%2Fupload.haochimei.com%2Fproduct%2F25641%2F20140926175147754_1526.jpg
90,18332,粤菜,美极焗大明虾,176,海鲜类,247,99,https://timgsa.baidu.com/timg?image&quality=80&size=b9999_10000&sec=1558116637969&di=41d7d4a9be2518e0a2af26b974b07615&imgtype=0&src=http%3A%2F%2Fpic98.huitu.com%2Fres%2F20170815%2F1440482_20170815120832250050_1.jpg
91,18333,湘菜,蒜茸粉丝蒸扇贝,136,海鲜类,1177,34,https://timgsa.baidu.com/timg?image&quality=80&size=b9999_10000&sec=1558116660185&di=e01bfe393ec2a56910d60c272422e4a6&imgtype=0&src=http%3A%2F%2Fimg.mp.sohu.com%2Fupload%2F20170705%2F09cc25fbf0d04e219cf14a91521dcd97_th.png
92,18334,湘菜,红烧海参,160,海鲜类,994,61,https://timgsa.baidu.com/timg?image&quality=80&size=b9999_10000&sec=1558116695839&di=59a6cee463c6643aee2fed20bd841ba1&imgtype=0&src=http%3A%2F%2Fpic108.huitu.com%2Fres%2F20180722%2F1579553_20180722084519856020_1.jpg
93,18335,鲁菜,荷塘月色,98,其他类,161,36,https://timgsa.baidu.com/timg?image&quality=80&size=b9999_10000&sec=1558116728602&di=ef91d789d9e534307002bb605cb6e89b&imgtype=0&src=http%3A%2F%2Fs9.rr.itc.cn%2Fr%2FwapChange%2F20164_22_3%2Fa5slxy7287243543405.jpg
94,18336,浙菜,干锅墨鱼仔,142,鱼类,1610,41,https://timgsa.baidu.com/timg?image&quality=80&size=b9999_10000&sec=1558116753283&di=b4794313fb84fdcdcfba77dd3526d67d&imgtype=0&src=http%3A%2F%2Fmmbiz.qpic.cn%2Fmmbiz_jpg%2FYTfe3jlP25Lzjicb0QSgdYjsZtZBAXHRVPHQfajvNJ6OPC4ickIIlrq0ibnicLdURtCSwpgmib9v2Vic9X6VtnEsD0LQ%2F640%3Fwx_fmt%3Djpeg
95,18337,浙菜,蒜椒炒腊牛肉,150,肉类,124,15,https://timgsa.baidu.com/timg?image&quality=80&size=b9999_10000&sec=1558116772484&di=045e0e7e011c366148298f4f2e8d5ce8&imgtype=0&src=http%3A%2F%2Fimages4.c-ctrip.com%2Ftarget%2Ffd%2Ftuangou%2Fg1%2FM07%2FE2%2FA7%2FCghzfFUwlvuAL3WAAAG0zrBWbcM139.jpg
96,18338,湘菜,红尖椒炒乳猪件,79,肉类,1742,16,https://timgsa.baidu.com/timg?image&quality=80&size=b9999_10000&sec=1558116794419&di=7f11fa9310afbe0bf4dedc42fc3c42bb&imgtype=0&src=http%3A%2F%2Fn.sinaimg.cn%2Ftransform%2F20141210%2Faxixtqk9573946.jpg
97,18339,粤菜,三丝煨腌笋,139,其他类,1329,68,https://timgsa.baidu.com/timg?image&quality=80&size=b9999_10000&sec=1558116838188&di=ed26d769a4afe35a7b08fd710e910610&imgtype=0&src=http%3A%2F%2Fpic101.huitu.com%2Fres%2F20171020%2F1183372_20171020100505997060_1.jpg
98,18340,湘菜,清蒸海石斑,66,鱼类,1506,52,https://timgsa.baidu.com/timg?image&quality=80&size=b9999_10000&sec=1558116870749&di=fddcc6212ac1c036a74656d60bc4e235&imgtype=0&src=http%3A%2F%2Fp1.meituan.net%2Fdeal%2F__38395232__8970359.jpg
99,18341,浙菜,鲜灼时蔬,95,其他类,674,85,"https://ss0.bdstatic.com/70cFvHSh_Q1YnxGkpoWK1HF6hhy/it/u=1627274552,3086215952&fm=26&gp=0.jpg"
100,18342,粤菜,长寿汤面,44,其他类,955,23,https://timgsa.baidu.com/timg?image&quality=80&size=b9999_10000&sec=1558116931957&di=04dfacfe83ea1dfd4fc050e85dd220f1&imgtype=0&src=http%3A%2F%2Fn.sinaimg.cn%2Fsinacn20112%2F301%2Fw640h461%2F20190211%2F9bb0-hswimzx9478583.jpg
101,18343,粤菜,福寿仙桃,166,其他类,633,65,"https://ss2.bdstatic.com/70cFvnSh_Q1YnxGkpoWK1HF6hhy/it/u=182402933,1642124367&fm=15&gp=0.jpg"
102,18344,浙菜,敬奉生果拼盘,97,其他类,939,78,https://timgsa.baidu.com/timg?image&quality=80&size=b9999_10000&sec=1558711741&di=9082ab5ad6dc0c56676c3c2d8cbcf4d7&imgtype=jpg&er=1&src=http%3A%2F%2Fp1.meituan.net%2Fdeal%2F__6057027__4137417.jpg
103,18345,湘菜,山野蕨根粉,67,其他类,1595,42,https://timgsa.baidu.com/timg?image&quality=80&size=b9999_10000&sec=1558711763&di=9d8234a6d2a574de034e6225142de7af&imgtype=jpg&er=1&src=http%3A%2F%2Fqcloud.dpfile.com%2Fpc%2Fy4GR7hOh7Tw147eGIr8TKg2XRS6ABYwN39Y-TdvrMPSWTqzeJilPSRAbL6Zqa-DvTYGVDmosZWTLal1WbWRW3A.jpg
104,18346,粤菜,油炸花生米,114,其他类,866,37,https://timgsa.baidu.com/timg?image&quality=80&size=b9999_10000&sec=1558117076432&di=112e27d542b56ba1733044cec5909c59&imgtype=0&src=http%3A%2F%2Fpic80.nipic.com%2Ffile%2F20151020%2F19521820_204125705000_2.jpg
105,18347,川菜,凉拌海蜇头,70,其他类,1652,41,https://timgsa.baidu.com/timg?image&quality=80&size=b9999_10000&sec=1558711812&di=5562597741ca14a75f5f42c7b6a33c6b&imgtype=jpg&er=1&src=http%3A%2F%2Fwww.jinshizunvip.com%2FContent%2FImages%2Fuploaded%2F%E6%B5%B7%E9%B2%9C%E8%AF%A6%E6%83%85%E9%A1%B5%2F%E6%B5%B7%E9%B2%9C%E5%81%9A%E6%B3%95%2F13951623_104857489112_2.jpg
106,18348,徽菜,凉拌黑木耳,63,其他类,997,56,https://timgsa.baidu.com/timg?image&quality=80&size=b9999_10000&sec=1558117110881&di=b199bc627528efddeafdd4189ada1570&imgtype=0&src=http%3A%2F%2Fpic117.nipic.com%2Ffile%2F20161206%2F8019207_161108626000_2.jpg
107,18349,粤菜,潮州卤水拼盘,72,其他类,975,27,https://timgsa.baidu.com/timg?image&quality=80&size=b9999_10000&sec=1558117136781&di=691256ff7d65d99c97ee3dda078e727e&imgtype=0&src=http%3A%2F%2Fimg3.doubanio.com%2Flpic%2Fs10215130.jpg
108,18350,苏菜,三文鱼刺身,126,鱼类,486,98,https://timgsa.baidu.com/timg?image&quality=80&size=b9999_10000&sec=1558117166661&di=161918f9278941eedbacc1877b61ad49&imgtype=0&src=http%3A%2F%2Fpic.baike.soso.com%2Fp%2F20140421%2F20140421123601-1544963028.jpg
109,18351,湘菜,蒜茸蒸圣子王,59,海鲜类,888,19,https://timgsa.baidu.com/timg?image&quality=80&size=b9999_10000&sec=1558117190561&di=b37282bc1c04fe7f52110a889521f2ff&imgtype=0&src=http%3A%2F%2Fpic7.nipic.com%2F20100609%2F2008261_090222081817_2.jpg
110,18352,湘菜,清蒸多宝鱼,191,鱼类,647,45,https://timgsa.baidu.com/timg?image&quality=80&size=b9999_10000&sec=1558117221664&di=1c4942544f58066cab1e043ac000d18a&imgtype=0&src=http%3A%2F%2Fpic161.nipic.com%2Ffile%2F20180411%2F26403536_104300708529_2.jpg
111,18353,徽菜,辣酒小花螺,189,海鲜类,1516,99,https://timgsa.baidu.com/timg?image&quality=80&size=b9999_10000&sec=1558117249995&di=af3789718abea2e923558e4ac84b81f6&imgtype=0&src=http%3A%2F%2Fimg3.redocn.com%2Ftupian%2F20150114%2Flajiuzhuxiaohualuo_3564798.jpg
112,18354,苏菜,红煨老甲鱼,156,鱼类,1663,28,https://timgsa.baidu.com/timg?image&quality=80&size=b9999_10000&sec=1558117267907&di=a639b401a4693f4c5717152fdaddb9ff&imgtype=0&src=http%3A%2F%2Fp1.meituan.net%2Fdeal%2F__31147405__9149344.jpg
113,18355,粤菜,五圆整鸡,91,肉类,1086,14,https://timgsa.baidu.com/timg?image&quality=80&size=b9999_10000&sec=1558117287730&di=256987fb2a1580de99b1da3022802389&imgtype=0&src=http%3A%2F%2Fbaotang.meishic.com%2Fuploadfile%2F2011%2F0720%2F20110720093034529.jpg
114,18356,苏菜,干锅宁乡花猪肉,172,肉类,826,30,https://timgsa.baidu.com/timg?image&quality=80&size=b9999_10000&sec=1558117306735&di=13fd7945c2cf79829482f5f122e4c9c3&imgtype=0&src=http%3A%2F%2Fe.hiphotos.baidu.com%2Flbc%2Fw%253D448%253Bq%253D90%2Fsign%3Dcfc6f30a8501a18bf0eb134ba6147635%2Fb8389b504fc2d562c127a5cbe51190ef76c66cec.jpg
115,18357,苏菜,酱萝卜皮炒肚条,157,肉类,1746,26,https://timgsa.baidu.com/timg?image&quality=80&size=b9999_10000&sec=1558117335389&di=5fe5f331f7313691d85137c86f50d118&imgtype=0&src=http%3A%2F%2Fpic.nicaipu.com%2Fc47%2F736422.jpg
116,18358,苏菜,下饭野菜,171,其他类,910,90,https://timgsa.baidu.com/timg?image&quality=80&size=b9999_10000&sec=1558117355720&di=0c2a82ad43a97c51981a4f8b31958465&imgtype=0&src=http%3A%2F%2Fres.youth.cn%2Farticle_201806_25_254_5b30245b2ea03.jpg
117,18359,粤菜,湘阴家宴笋,197,其他类,876,95,https://timgsa.baidu.com/timg?image&quality=80&size=b9999_10000&sec=1558117379252&di=7e11ffb0c5a08c3903cacf92b670a9e7&imgtype=0&src=http%3A%2F%2Fimg.chiheba.com%2F2013%2F0613%2F123803%2F20130613123803931.jpg
118,18360,徽菜,清炒时蔬,86,其他类,1813,27,https://timgsa.baidu.com/timg?image&quality=80&size=b9999_10000&sec=1558712119&di=96d3663a60fcd5f2e549abf3d9a1173d&imgtype=jpg&er=1&src=http%3A%2F%2Fmmbiz.qpic.cn%2Fmmbiz_jpg%2FM2HaXmMc8pxkOcYvcgqtI5wUefnrZndNFcjicNk1LFm4bw8AHyot7tycaPoxggLUWwnINp72mSdcxNAlYM4JHiaA%2F640%3Fwx_fmt%3Djpeg
119,18361,川菜,美点双辉,108,其他类,1452,28,"https://ss3.bdstatic.com/70cFv8Sh_Q1YnxGkpoWK1HF6hhy/it/u=4025249361,730956508&fm=26&gp=0.jpg"
120,18362,粤菜,奉送水果,142,其他类,1613,23,https://timgsa.baidu.com/timg?image&quality=80&size=b9999_10000&sec=1558117486416&di=d6a6a642269a8a585aa51dcd53dd3480&imgtype=0&src=http%3A%2F%2Fi8.meishichina.com%2Fattachment%2Frecipe%2F2017%2F02%2F15%2F20170215148714541223910025459.jpg%40%2521p800
121,18363,川菜,四位迎宾,76,其他类,1398,19,
122,18364,粤菜,卤水大拼盘,41,其他类,239,22,"https://ss1.bdstatic.com/70cFuXSh_Q1YnxGkpoWK1HF6hhy/it/u=768440614,3945136325&fm=26&gp=0.jpg"
123,18365,湘菜,白灼大明虾,65,海鲜类,424,57,https://timgsa.baidu.com/timg?image&quality=80&size=b9999_10000&sec=1558117533928&di=e6de43db62c95aa683542d01ea8e6540&imgtype=0&src=http%3A%2F%2Fp1.meituan.net%2Fdealwatera%2F8f33ca638cf87835928af47c45f025ea53457.jpg%40407h_702w_2e_90Q%257Cwatermark%3D1%26%26p%3D4
124,18366,川菜,滋补五圆整鸡,91,肉类,663,83,https://timgsa.baidu.com/timg?image&quality=80&size=b9999_10000&sec=1558117554985&di=5d9d4e6da36d23c4c55877c3786f2623&imgtype=0&src=http%3A%2F%2Fp0.meituan.net%2Fdeal%2F201212%2F27%2F142104_7379670.jpg
125,18367,粤菜,干锅红烧甲鱼,102,鱼类,815,56,https://timgsa.baidu.com/timg?image&quality=80&size=b9999_10000&sec=1558117577496&di=2ddb0f71f829e79e2c335f8e9dc945e5&imgtype=0&src=http%3A%2F%2Fpic109.huitu.com%2Fres%2F20180830%2F1827835_20180830114052412070_1.jpg
126,18368,川菜,全家福火锅,126,其他类,1957,16,https://timgsa.baidu.com/timg?image&quality=80&size=b9999_10000&sec=1558712322&di=6784989386665324167e7b31b4224f6a&imgtype=jpg&er=1&src=http%3A%2F%2Fp0.meituan.net%2Fdeal%2F__37012991__9122495.jpg
127,18369,苏菜,梅菜扣肉,195,肉类,1066,39,https://timgsa.baidu.com/timg?image&quality=80&size=b9999_10000&sec=1558117653437&di=abb31b0408e5cc0d51ac0f4a0f448314&imgtype=0&src=http%3A%2F%2Fpic.962.net%2Fup%2F2015-5%2F2015052212392974919.jpg
128,18370,川菜,口味牛蛙,141,肉类,366,70,https://timgsa.baidu.com/timg?image&quality=80&size=b9999_10000&sec=1558117673241&di=b997c2c925a8765dd528f92d9aaae080&imgtype=0&src=http%3A%2F%2F5b0988e595225.cdn.sohucs.com%2Fimages%2F20181225%2F75719cfa9d0247bea535d698f404b3c8.jpeg
129,18371,苏菜,鸡汁脆笋,148,肉类,466,58,https://timgsa.baidu.com/timg?image&quality=80&size=b9999_10000&sec=1558117696531&di=5747a034fab8f88704b847bccc16abf9&imgtype=0&src=http%3A%2F%2Fimg3.redocn.com%2Ftupian%2F20141030%2Fjizhicuisunmeishi_3350683.jpg
130,18372,苏菜,清蒸海鲈鱼,64,鱼类,1868,33,https://timgsa.baidu.com/timg?image&quality=80&size=b9999_10000&sec=1558117719509&di=0e18135a406686c1a76ec854b36c0647&imgtype=0&src=http%3A%2F%2Fpic144.nipic.com%2Ffile%2F20171029%2F24969966_215931146031_2.jpg
131,18373,湘菜,清炒田园蔬,94,其他类,1214,39,https://timgsa.baidu.com/timg?image&quality=80&size=b9999_10000&sec=1558117740895&di=ff09f8c3ea8e0792da5519bd45ffb51e&imgtype=0&src=http%3A%2F%2Fs2.nuomi.bdimg.com%2Fupload%2F2013%2F10-30%2F1383065344069-7589.jpg
132,18374,湘菜,美点双辉,129,其他类,1983,68,https://timgsa.baidu.com/timg?image&quality=80&size=b9999_10000&sec=1558117760620&di=ac12a964d47da0b58123d888955c02eb&imgtype=0&src=http%3A%2F%2Fs2.nuomi.bdimg.com%2Fupload%2F2013%2F05-13%2F1368427578536-6414.jpg
133,18375,鲁菜,幸福汤圆,72,其他类,1972,64,https://timgsa.baidu.com/timg?image&quality=80&size=b9999_10000&sec=1558117802791&di=a11ea32088e7156e28cce7122d6250ee&imgtype=0&src=http%3A%2F%2Fmmbiz.qpic.cn%2Fmmbiz_jpg%2F6oZTpn54nVlJ20iaZSgm5lDRniatu87JXibghJ1akoFyOWqokYjyicOicfpjy1rnt0y1HBuZwfqBSTTjKT4da7ialVsg%2F640%3Fwx_fmt%3Djpeg
134,18376,湘菜,喜庆鲜果盘,131,其他类,256,35,
135,18377,鲁菜,大成粒粒香,148,其他类,1837,40,https://timgsa.baidu.com/timg?image&quality=80&size=b9999_10000&sec=1558117862685&di=71d4a97db145298413c1f01232f5ef7a&imgtype=0&src=http%3A%2F%2Fimg.bimg.126.net%2Fphoto%2FJoPHon369i8CLxzzwNs0dQ%3D%3D%2F4510355026828352075.jpg
136,18378,川菜,绿茶纸巾,170,其他类,1728,46,
137,18379,鲁菜,梅菜凤爪,90,其他类,1543,38,https://timgsa.baidu.com/timg?image&quality=80&size=b9999_10000&sec=1558117887771&di=2670fd8bc7e473852ace66fb4809202b&imgtype=0&src=http%3A%2F%2Fp1.meituan.net%2Fdeal%2Ff19102d2a217d29c32b9e6bf3a86dda1267604.jpg
138,18380,徽菜,油炸花生米,120,其他类,1254,60,https://timgsa.baidu.com/timg?image&quality=80&size=b9999_10000&sec=1558117910611&di=1e2c333a741bb6767d26ded322996925&imgtype=0&src=http%3A%2F%2Fwww.ddmeishi.com%2Fuploads%2Fallimg%2F171026%2F6-1G026164447.jpg
139,18381,粤菜,香味豆笋,42,其他类,759,38,https://timgsa.baidu.com/timg?image&quality=80&size=b9999_10000&sec=1558117932714&di=99a1c91ef43291702cc8eda0e39816a8&imgtype=0&src=http%3A%2F%2Fhiphotos.baidu.com%2Flocal%2Fpic%2Fitem%2Fabda980126f4a4dce850cd23.jpg
140,18382,浙菜,凉拌黑木耳,90,其他类,367,64,https://timgsa.baidu.com/timg?image&quality=80&size=b9999_10000&sec=1558117949990&di=817036271c60b790fe04edbb00e2bdf8&imgtype=0&src=http%3A%2F%2Fi5.xiachufang.com%2Fimage%2F600%2F5a30532cedfa11e39919b8ca3aeed2d7.jpg
141,18383,粤菜,藤桥熏鸡,35,肉类,1237,19,https://timgsa.baidu.com/timg?image&quality=80&size=b9999_10000&sec=1558117970475&di=20d5148a1f25484f503b76de278fb8c9&imgtype=0&src=http%3A%2F%2Fphotocdn.sohu.com%2F20150313%2Fmp6037124_1426230349140_10.jpg
142,18384,粤菜,白灼大明虾,67,海鲜类,806,28,https://timgsa.baidu.com/timg?image&quality=80&size=b9999_10000&sec=1558118029741&di=649035c2f908cfa87c7ed2c376a8a3d6&imgtype=0&src=http%3A%2F%2Fimg.mp.itc.cn%2Fupload%2F20170814%2Fbc307d4d90c242cbbb6fd30700eaf2f5_th.jpg
143,18385,鲁菜,蒜茸蒸圣子王,126,其他类,526,86,https://timgsa.baidu.com/timg?image&quality=80&size=b9999_10000&sec=1558118046184&di=3601938deea2aad7e4b0ca270d158411&imgtype=0&src=http%3A%2F%2Fe.hiphotos.baidu.com%2Fbainuo%2Fcrop%3D0%2C0%2C700%2C1053%3Bw%3D690%3Bq%3D99%3Bc%3Dnuomi%2C95%2C95%2Fsign%3D4b7029e18bcb39dbd58f3d16ed262514%2F86d6277f9e2f0708be8c670be324b899a901f234.jpg
144,18386,鲁菜,清蒸西江鲂,109,其他类,1569,25,"https://ss0.bdstatic.com/70cFuHSh_Q1YnxGkpoWK1HF6hhy/it/u=1510179393,3241772273&fm=26&gp=0.jpg"
145,18387,浙菜,湘潭盐菜蒸小肘,97,肉类,1281,52,https://timgsa.baidu.com/timg?image&quality=80&size=b9999_10000&sec=1558118107766&di=ca6f01ca813539f24c6a92da4b96c2b3&imgtype=0&src=http%3A%2F%2Fimg1.juimg.com%2F161117%2F330797-16111F0064542.jpg
146,18388,鲁菜,老火例汤,48,其他类,335,19,https://timgsa.baidu.com/timg?image&quality=80&size=b9999_10000&sec=1558118142344&di=6d0819a68f722b6a19910b79a442c67f&imgtype=0&src=http%3A%2F%2Fs0.nuomi.bdimg.com%2Fupload%2F2013%2F03-26%2F1364279068678-3278.jpg
147,18389,苏菜,土芹菜炒卤牛肉,68,肉类,300,53,https://timgsa.baidu.com/timg?image&quality=80&size=b9999_10000&sec=1558118161403&di=0b22a58f1a30d7dc307026dd3487c97c&imgtype=0&src=http%3A%2F%2Fmmbiz.qpic.cn%2Fmmbiz_png%2FArqiaibcsHdLvHPqX4pd8ts6pibNOc2oib4ULraZqGHaYLOJmhOdY9nBGJicVEcibfVEnKpS5IMxEfViazZMtbs8O4jJg%2F640%3Fwx_fmt%3Dpng
148,18390,粤菜,吴氏土炒鸭,101,肉类,1872,55,https://timgsa.baidu.com/timg?image&quality=80&size=b9999_10000&sec=1558118189734&di=56fc8e9795c6558d19c9ba38c8db88e2&imgtype=0&src=http%3A%2F%2Fd.ifengimg.com%2Fw600%2Fp0.ifengimg.com%2Fpmop%2F2017%2F0603%2FDA57971C0256A23C8231485B4FA9BBEC77802EEE_size44_w637_h530.jpeg
149,18391,粤菜,茶油蒸腊肠,68,肉类,857,57,https://timgsa.baidu.com/timg?image&quality=80&size=b9999_10000&sec=1558118207216&di=a349ed44ad3867d867bfcc686627d247&imgtype=0&src=http%3A%2F%2F5b0988e595225.cdn.sohucs.com%2Fimages%2F20171207%2Fb3a014ab9957458f8beaf7ab120b63bc.jpg
150,18392,苏菜,玉米炒百合,45,其他类,852,45,https://timgsa.baidu.com/timg?image&quality=80&size=b9999_10000&sec=1558118245601&di=1bc8132a448df0f4609d8df6bf948411&imgtype=0&src=http%3A%2F%2Fimg3.redocn.com%2Ftupian%2F20141105%2Fyumibaihe_3398773.jpg
151,18393,粤菜,下饭野菜,126,其他类,1175,16,https://timgsa.baidu.com/timg?image&quality=80&size=b9999_10000&sec=1558118260582&di=230c4a2beb317bbfcd2a34d2a2b2c924&imgtype=0&src=http%3A%2F%2Fres.youth.cn%2Farticle_201806_25_254_5b30245b2ea03.jpg
152,18394,粤菜,清炒时蔬,171,其他类,1532,56,https://timgsa.baidu.com/timg?image&quality=80&size=b9999_10000&sec=1558118304164&di=8165661fba3061ddbee5b7ebbc0cb0f7&imgtype=0&src=http%3A%2F%2Fimages4.c-ctrip.com%2Ftarget%2Ftuangou%2F328%2F517%2F979%2F5bf7bc1c268e49f3ba958f5efbdeb0b9_720_480_s.jpg
153,18395,徽菜,美点双辉,140,其他类,1957,61,https://timgsa.baidu.com/timg?image&quality=80&size=b9999_10000&sec=1558118318915&di=6fcc1471ef25986ab693eb1879496b1c&imgtype=0&src=http%3A%2F%2Fe.hiphotos.baidu.com%2Fbainuo%2Fcrop%3D0%2C0%2C1000%2C668%3Bw%3D690%3Bq%3D99%3Bc%3Dnuomi%2C95%2C95%2Fsign%3Db5b03ede17178a82da7325e0cb335fbd%2F908fa0ec08fa513d1101a8cc346d55fbb2fbd97d.jpg
154,18396,徽菜,奉送水果,35,其他类,740,20,
155,18397,徽菜,迎宾四小碟,41,其他类,1996,30,https://timgsa.baidu.com/timg?image&quality=80&size=b9999_10000&sec=1558118345843&di=49ab252512d08063ffd468cdc478158a&imgtype=0&src=http%3A%2F%2Fqcloud.dpfile.com%2Fpc%2F03IcpJsILr1yWO6PGQrDk30iT9WdVX9PmnYgEoKyhhGcMigAUegRLPuVOFE1h-49joJrvItByyS4HHaWdXyO_DrXIaWutJls2xCVbatkhjUNNiIYVnHvzugZCuBITtvjski7YaLlHpkrQUr5euoQrg.jpg
156,18398,湘菜,驰名烧乳鸽,73,肉类,445,45,https://timgsa.baidu.com/timg?image&quality=80&size=b9999_10000&sec=1558713092&di=56b51de62dc49cbd0af08cdca868b0ab&imgtype=jpg&er=1&src=http%3A%2F%2Fqcloud.dpfile.com%2Fpc%2Fc0ifV4UxwDAGxgy2ttAIW1Ywj2LsMHzNf93aPeID3jBaEq5JkdkSSQh6gYCJYd_iTYGVDmosZWTLal1WbWRW3A.jpg
157,18399,苏菜,姬松茸炖整鸡,123,肉类,1068,30,
158,18400,粤菜,黄金面线虾,171,海鲜类,526,25,https://timgsa.baidu.com/timg?image&quality=80&size=b9999_10000&sec=1558118409418&di=76a662929c0094f1a85258874190cdef&imgtype=0&src=http%3A%2F%2Fimg007.hc360.cn%2Fy2%2FM05%2F25%2FE3%2FwKhQdFSv6r6ES-3UAAAAAAH7v7g245.jpg
159,18401,浙菜,蒜茸蒸鲜鲍仔,66,海鲜类,563,54,https://timgsa.baidu.com/timg?image&quality=80&size=b9999_10000&sec=1558118426270&di=caf2d93ce54dd4cdca678dfa524b411c&imgtype=0&src=http%3A%2F%2Fpic24.nipic.com%2F20121011%2F10688781_160819190000_2.jpg
160,18402,浙菜,碧绿酱爆花枝片,83,其他类,1917,26,https://timgsa.baidu.com/timg?image&quality=80&size=b9999_10000&sec=1558118449105&di=5027f9fdf24a7ef5c9b10e4d60af0d1b&imgtype=0&src=http%3A%2F%2Fimage.tupian114.com%2F20120827%2F2012082709094781.jpg
161,18403,川菜,锅仔湘味煨甲鱼,152,鱼类,1546,51,https://timgsa.baidu.com/timg?image&quality=80&size=b9999_10000&sec=1558118468273&di=d2dca44a42e52640d21b0d1cd93182f8&imgtype=0&src=http%3A%2F%2Fimg3.redocn.com%2Ftupian%2F20141025%2Fhongjiayu_3322889.jpg
162,18404,湘菜,珍珠肉丸扒蛋卷,191,肉类,483,83,https://timgsa.baidu.com/timg?image&quality=80&size=b9999_10000&sec=1558118488189&di=efdca1b2e27e45b1123eed31fb570428&imgtype=0&src=http%3A%2F%2Fcp1.douguo.net%2Fupload%2Fcaiku%2F6%2F8%2Fe%2Fyuan_68178344a40b7a5cdb7551ed6b7e536e.jpg
163,18405,粤菜,香菜炒黄牛肉,137,肉类,1417,92,"https://ss1.bdstatic.com/70cFuXSh_Q1YnxGkpoWK1HF6hhy/it/u=1745364824,2000389149&fm=26&gp=0.jpg"
164,18406,湘菜,孜然寸骨,56,其他类,993,38,https://timgsa.baidu.com/timg?image&quality=80&size=b9999_10000&sec=1558118522429&di=7390753b7d3eca9324e4402ab131e7dd&imgtype=0&src=http%3A%2F%2Fwww.tcdqw.com%2Fpicchanpin1%2Fpic3%2F21976.jpg
165,18407,徽菜,鸡汁煨腌笋,45,肉类,733,20,https://timgsa.baidu.com/timg?image&quality=80&size=b9999_10000&sec=1558118539060&di=b507d021105fc7ee9cef85acd3ffc2e4&imgtype=0&src=http%3A%2F%2Fimg1.juimg.com%2F161127%2F330864-16112FF15078.jpg
166,18408,粤菜,清蒸多宝鱼,61,鱼类,664,24,https://timgsa.baidu.com/timg?image&quality=80&size=b9999_10000&sec=1558118555231&di=fc238e0dcca1f065f24d6f5fb570b381&imgtype=0&src=http%3A%2F%2Fpic161.nipic.com%2Ffile%2F20180411%2F26403536_104300708529_2.jpg
167,18409,浙菜,白灼生菜,134,其他类,1601,54,https://timgsa.baidu.com/timg?image&quality=80&size=b9999_10000&sec=1558118568962&di=c6ce74fed9f3d363d1d6114577e30bf4&imgtype=0&src=http%3A%2F%2Fimg1.qunarzz.com%2Ftravel%2Fd3%2F1601%2Fde%2F22c0a8cc7544a8f7.jpg
168,18410,徽菜,红鸡蛋,195,肉类,1633,15,"https://ss0.bdstatic.com/70cFvHSh_Q1YnxGkpoWK1HF6hhy/it/u=3974203764,288906582&fm=26&gp=0.jpg"
169,18411,鲁菜,弥月桃,52,其他类,1972,38,
170,18412,浙菜,敬奉生果拼盘,90,其他类,720,81,https://timgsa.baidu.com/timg?image&quality=80&size=b9999_10000&sec=1558118649874&di=4e8a71dea151fa9d94910e3cd955f486&imgtype=0&src=http%3A%2F%2Fn.sinaimg.cn%2Fsinacn10%2F267%2Fw640h427%2F20180328%2F6347-fysqfnh7635351.jpg
171,18413,徽菜,迎宾四小碟,141,其他类,1840,36,https://timgsa.baidu.com/timg?image&quality=80&size=b9999_10000&sec=1558118679708&di=9385230f3805e49e881c22cca42fd234&imgtype=0&src=http%3A%2F%2Fqcloud.dpfile.com%2Fpc%2F58UUl5hL7tgr-UH6QpeOxlTfi76mYoPyBiCyOBqiLe1W41mHeTG1kK-V8SvG1JmmjoJrvItByyS4HHaWdXyO_DrXIaWutJls2xCVbatkhjUNNiIYVnHvzugZCuBITtvjski7YaLlHpkrQUr5euoQrg.jpg
172,18414,浙菜,鸿运烧味拼盘,191,其他类,337,20,https://timgsa.baidu.com/timg?image&quality=80&size=b9999_10000&sec=1558713420&di=cb1d6589d455b5af3011e2f1bb5f91fd&imgtype=jpg&er=1&src=http%3A%2F%2Fpic74.nipic.com%2Ffile%2F20150804%2F20578453_012358061000_2.jpg
173,18415,粤菜,花旗参炖乌鸡,150,肉类,1764,44,https://timgsa.baidu.com/timg?image&quality=80&size=b9999_10000&sec=1558118717769&di=cd085b5768aca7bfe7aed9b8b2bf6db2&imgtype=0&src=http%3A%2F%2F5b0988e595225.cdn.sohucs.com%2Fimages%2F20181120%2Fb3b4bdb587fd43ebb4f8bb556829b828.jpeg
174,18416,徽菜,双色大明虾,95,海鲜类,333,70,https://timgsa.baidu.com/timg?image&quality=80&size=b9999_10000&sec=1558118737265&di=79ba026ac7b0ee20abf03237227ff75f&imgtype=0&src=http%3A%2F%2Fe.hiphotos.baidu.com%2Fbainuo%2Fw%3D470%3Bq%3D99%3Bc%3Dnuomi%2C95%2C95%2Fsign%3Db39c97d0133853438ccf8626a328c143%2Fdcc451da81cb39db304b03ead3160924aa183086.jpg
175,18417,徽菜,泰椒蒜籽浸花螺,148,海鲜类,222,74,https://timgsa.baidu.com/timg?image&quality=80&size=b9999_10000&sec=1558118753696&di=e32bfa5ad836cae850c0a164023b85cf&imgtype=0&src=http%3A%2F%2Fimg1.qunarzz.com%2Ftravel%2Fd8%2F1606%2F21%2F1355d8dcca354f9a.png
176,18418,鲁菜,蒜香骨拼藕合,126,其他类,488,70,https://timgsa.baidu.com/timg?image&quality=80&size=b9999_10000&sec=1558713548&di=6b072ee8fdb8bc588e0a3228c69b7880&imgtype=jpg&er=1&src=http%3A%2F%2Fpic22.huitu.com%2Fres%2F20140916%2F388909_20140916024937517316_1.jpg
177,18419,粤菜,碧绿烩蘑菇,151,其他类,311,31,https://timgsa.baidu.com/timg?image&quality=80&size=b9999_10000&sec=1558118857765&di=80400a0e3619d606204042e869b99d03&imgtype=0&src=http%3A%2F%2Fmmbiz.qpic.cn%2Fmmbiz%2Fy6e0lkAWum1pics3ibxOxcqkDQ96ryLsolMKia1wzyzGW19z5DjsM9iahnUjDeIAliakicduT2CTicORZKOPyTtV1qBfw%2F0
178,18420,湘菜,盐菜蒸肘子,183,肉类,1627,93,https://timgsa.baidu.com/timg?image&quality=80&size=b9999_10000&sec=1558118887124&di=40878e33c1c44f17aa0d8b1c6aa52f1d&imgtype=0&src=http%3A%2F%2Fp1.meituan.net%2Fdeal%2F__41417642__5346861.jpg
179,18421,苏菜,锅仔湘味煨水鱼,52,鱼类,1356,27,https://timgsa.baidu.com/timg?image&quality=80&size=b9999_10000&sec=1558118909310&di=c5843b5bf147d77e0065791014faf137&imgtype=0&src=http%3A%2F%2Fpic112.huitu.com%2Fres%2F20181119%2F1926724_20181119130912855070_1.jpg
180,18422,粤菜,孜然牛肉,103,肉类,1417,81,https://timgsa.baidu.com/timg?image&quality=80&size=b9999_10000&sec=1558118931332&di=97019d5928a95c968d5b33f19c1fcc5b&imgtype=0&src=http%3A%2F%2Fcp2.douguo.net%2Fupload%2Fcaiku%2F5%2F1%2F1%2Fyuan_518b02e54d3dfb251354c51a0c602891.jpeg
181,18423,徽菜,三丝煨腌笋,98,其他类,1639,23,https://timgsa.baidu.com/timg?image&quality=80&size=b9999_10000&sec=1558118950972&di=723d190ce73c7b494fc2a3d9baf41932&imgtype=0&src=http%3A%2F%2Fn.sinaimg.cn%2Fsinacn09%2F255%2Fw1080h775%2F20180825%2Fa59e-hicsiaw8115142.jpg
182,18424,粤菜,清蒸多宝鱼,124,鱼类,940,81,https://timgsa.baidu.com/timg?image&quality=80&size=b9999_10000&sec=1558118964971&di=79b7e91185096a219d4edd996034b48c&imgtype=0&src=http%3A%2F%2Fpic161.nipic.com%2Ffile%2F20180411%2F26403536_104300708529_2.jpg
183,18425,粤菜,鲜灼时蔬,140,其他类,1271,75,https://timgsa.baidu.com/timg?image&quality=80&size=b9999_10000&sec=1558118981894&di=9447876e96b16271e8dd65aa6e63747f&imgtype=0&src=http%3A%2F%2Fimg3.redocn.com%2Ftupian%2F20141230%2Fxianrencanzhuoshishumeishi_3523617.jpg
184,18426,粤菜,长寿汤面,75,其他类,872,58,https://timgsa.baidu.com/timg?image&quality=80&size=b9999_10000&sec=1558713753&di=45a5edc94e256a4016309edf8cd67008&imgtype=jpg&er=1&src=http%3A%2F%2Fn.sinaimg.cn%2Fsinacn20112%2F301%2Fw640h461%2F20190211%2F9bb0-hswimzx9478583.jpg
185,18427,川菜,福寿仙桃,152,其他类,970,25,
186,18428,徽菜,敬奉生果拼盘,73,其他类,948,57,"https://ss0.bdstatic.com/70cFvHSh_Q1YnxGkpoWK1HF6hhy/it/u=2136244725,3259870411&fm=26&gp=0.jpg"
187,18429,徽菜,六味迎嘉宾,69,其他类,350,61,https://timgsa.baidu.com/timg?image&quality=80&size=b9999_10000&sec=1558119111552&di=9e7cb9f42f9b3e01b1fb768c1c69570b&imgtype=0&src=http%3A%2F%2Fp1.meituan.net%2Fdeal%2F__9621632__6521413.jpg
188,18430,湘菜,至尊烧卤拼,73,其他类,768,22,https://timgsa.baidu.com/timg?image&quality=80&size=b9999_10000&sec=1558119138667&di=8b6f2565dc906311362f49704aaa0ba4&imgtype=0&src=http%3A%2F%2Fpic67.nipic.com%2Ffile%2F20150522%2F9422660_111030528000_2.jpg
189,18431,粤菜,天麻炖老鸭,128,肉类,308,74,https://timgsa.baidu.com/timg?image&quality=80&size=b9999_10000&sec=1558119156461&di=c0cd9fa6af1242893b05ee4ee564f9aa&imgtype=0&src=http%3A%2F%2Fs1.nuomi.bdimg.com%2Fupload%2F2013%2F01-16%2F1358322418485-5181.jpg
190,18432,苏菜,白灼罗氏虾,57,海鲜类,1522,43,https://timgsa.baidu.com/timg?image&quality=80&size=b9999_10000&sec=1558119176723&di=691cc592dd478705524863212d08f55e&imgtype=0&src=http%3A%2F%2Fs1.cdn.xiangha.com%2Fcaipu%2F201609%2F0717%2F071711385362.jpg%2FNjAwX3J3MTcwN19jXzEtM19yYjEwMjdfcmJfMS04XzQwMA
191,18433,徽菜,粉丝蒸鲍仔,54,海鲜类,162,31,https://timgsa.baidu.com/timg?image&quality=80&size=b9999_10000&sec=1558119192758&di=83ea17c63afa4b61c6b5087f06054446&imgtype=0&src=http%3A%2F%2Fs2.nuomi.bdimg.com%2Fupload%2F2013%2F05-06%2F1367831407259-7261.jpg
192,18434,徽菜,干锅小花螺,38,海鲜类,1599,19,"https://ss0.bdstatic.com/70cFuHSh_Q1YnxGkpoWK1HF6hhy/it/u=3924644645,2325932409&fm=15&gp=0.jpg"
193,18435,浙菜,金豆水鱼钵,94,鱼类,1015,76,https://timgsa.baidu.com/timg?image&quality=80&size=b9999_10000&sec=1558119229931&di=16d92bff16eb1bcbf97367e9748afb00&imgtype=0&src=http%3A%2F%2Fpic103.huitu.com%2Fres%2F20180110%2F1622555_20180110120020422050_1.jpg
194,18436,川菜,宁乡口味蛇,22,肉类,571,21,https://timgsa.baidu.com/timg?image&quality=80&size=b9999_10000&sec=1558119248987&di=e6501ebcc7e440196dc1322e4f42da0b&imgtype=0&src=http%3A%2F%2Fjrpypic.oss.aliyuncs.com%2F902b7477c552b9846117dd1059e824ae_485x324.jpg
195,18437,鲁菜,红椒黄牛肉,68,肉类,1808,51,https://timgsa.baidu.com/timg?image&quality=80&size=b9999_10000&sec=1558119266010&di=4a3ef172ba39aceacefb4735ab725a08&imgtype=0&src=http%3A%2F%2Fcnhubei.com%2Fxwzt%2F2015%2Fsjcjlyblh%2F2015hbhlybl%2F2015hbhhzms%2F201504%2FW020150430433450170483.jpg
196,18438,川菜,酱椒虎皮肘,76,肉类,139,32,https://timgsa.baidu.com/timg?image&quality=80&size=b9999_10000&sec=1558119296005&di=7fb99f3a0bc05141bbd207dc6066bc0e&imgtype=0&src=http%3A%2F%2Fp1.meituan.net%2Fdeal%2F__28035476__5512377.jpg
197,18439,鲁菜,腊味卜菜头,148,肉类,1466,25,https://timgsa.baidu.com/timg?image&quality=80&size=b9999_10000&sec=1558119351354&di=36acbc27824a6cbc20315487f5d326e6&imgtype=0&src=http%3A%2F%2Fwww.nzjsw.com%2Fwp-content%2Fuploads%2F2018%2F06%2F19%2F20180619153647.png
198,18440,粤菜,清蒸多宝鱼,166,鱼类,587,89,https://timgsa.baidu.com/timg?image&quality=80&size=b9999_10000&sec=1558119365157&di=a0d3c92d8607e582ae9e6fefb19cf18e&imgtype=0&src=http%3A%2F%2Fpic161.nipic.com%2Ffile%2F20180411%2F26403536_104300708529_2.jpg
199,18441,川菜,刀切广菜心,58,其他类,916,54,https://timgsa.baidu.com/timg?image&quality=80&size=b9999_10000&sec=1558119385558&di=e824012bbe51022ba501a75df471bfd1&imgtype=0&src=http%3A%2F%2Fpic21.nipic.com%2F20120608%2F10033495_174019525184_2.jpg
200,18442,鲁菜,红枣银耳羹,52,其他类,1916,30,https://timgsa.baidu.com/timg?image&quality=80&size=b9999_10000&sec=1558119403034&di=42446983f813e32a3b1fca703dbab18e&imgtype=0&src=http%3A%2F%2Fs2.cdn.xiachufang.com%2F3fa9d49c853911e59886b82a72e00100.jpg%3FimageView2%2F2%2Fw%2F620%2Finterlace%2F1%2Fq%2F90%2Fformat%2Fjpg%2F.jpg
201,18443,浙菜,美点映双辉,193,其他类,1630,56,"https://ss3.bdstatic.com/70cFv8Sh_Q1YnxGkpoWK1HF6hhy/it/u=4025249361,730956508&fm=26&gp=0.jpg"
202,18444,川菜,精美水果盘,54,其他类,225,42,https://timgsa.baidu.com/timg?image&quality=80&size=b9999_10000&sec=1558119476583&di=b6732b986714b7b1f972e3f73a024ff5&imgtype=0&src=http%3A%2F%2Fwww.qz828.com%2Fpic%2F0%2F10%2F02%2F87%2F10028712_852163.jpg
203,18445,粤菜,香菜拌牛肉,86,肉类,1200,75,https://timgsa.baidu.com/timg?image&quality=80&size=b9999_10000&sec=1558119492740&di=fc4a6109dac9e6d9659a81b64526189b&imgtype=0&src=http%3A%2F%2Fpic46.nipic.com%2F20140815%2F19271610_122458532863_2.jpg
204,18446,苏菜,醋泡花生米,151,其他类,626,88,https://timgsa.baidu.com/timg?image&quality=80&size=b9999_10000&sec=1558119517589&di=6e5ef67150113e35bc28e1894a452f03&imgtype=0&src=http%3A%2F%2Fpic105.huitu.com%2Fres%2F20180426%2F1458275_20180426115853392080_1.jpg
205,18447,粤菜,虫草花拌小云耳,72,其他类,184,11,https://timgsa.baidu.com/timg?image&quality=80&size=b9999_10000&sec=1558119537719&di=aaddd2ca8117751e36c19d4f8a9dce14&imgtype=0&src=http%3A%2F%2Fi2.chuimg.com%2Fabeee7ee4f0b4b3eb652a62a77398e69_1024w_683h.jpg%3FimageView2%2F2%2Fw%2F600%2Finterlace%2F1%2Fq%2F90
206,18448,浙菜,烧辣椒皮蛋,117,其他类,947,69,https://timgsa.baidu.com/timg?image&quality=80&size=b9999_10000&sec=1558119552952&di=0b90fff72c56bc7c9acd1c801251809d&imgtype=0&src=http%3A%2F%2F5b0988e595225.cdn.sohucs.com%2Fimages%2F20171124%2F9d3104cd302c47359ed2b05a63bff629.jpeg
207,18449,川菜,白灼大明虾,72,海鲜类,402,47,https://timgsa.baidu.com/timg?image&quality=80&size=b9999_10000&sec=1558119575244&di=f0fa452c87275f41c41f8f2c3ac36361&imgtype=0&src=http%3A%2F%2Fn.sinaimg.cn%2Fsinacn10%2F181%2Fw1122h659%2F20181122%2F0599-hmhswin7216057.jpg
208,18450,苏菜,清蒸多宝鱼,73,鱼类,1778,69,https://timgsa.baidu.com/timg?image&quality=80&size=b9999_10000&sec=1558119593099&di=cb5954de7dc2f5277368e83498deaef5&imgtype=0&src=http%3A%2F%2Fpic161.nipic.com%2Ffile%2F20180411%2F26403536_104300708529_2.jpg
209,18451,粤菜,虫草花煲老鸭,124,肉类,1035,14,https://timgsa.baidu.com/timg?image&quality=80&size=b9999_10000&sec=1558119636789&di=eb8c2d69c0cc09f3c7d7db297a3bb34e&imgtype=0&src=http%3A%2F%2Fwww.chuyi88.com%2Fuploads%2Fimage%2F20170815%2F1502767869423723.jpg
210,18452,粤菜,常德原味土鸡,90,肉类,1730,55,https://timgsa.baidu.com/timg?image&quality=80&size=b9999_10000&sec=1558119672007&di=c094448a7707421c2d939903cd447a9d&imgtype=0&src=http%3A%2F%2Fpic19.huitu.com%2Fres%2F20140618%2F260714_20140618220801001200_1.jpg
211,18453,苏菜,香辣跳跳蛙,62,肉类,801,16,https://timgsa.baidu.com/timg?image&quality=80&size=b9999_10000&sec=1558119688142&di=41445c092993bb6a3136ea4a9de064f8&imgtype=0&src=http%3A%2F%2Fp0.meituan.net%2Fdealwatera%2F7a6cfc065854282fd7ea9541f56e95ab150399.jpg%40468h_702w_2e_90Q%257Cwatermark%3D1%26%26p%3D4
212,18454,苏菜,铁板酒鬼牛肉,99,肉类,1883,96,https://timgsa.baidu.com/timg?image&quality=80&size=b9999_10000&sec=1558119703574&di=ea3e39d227121748cd3686f612c1bfe5&imgtype=0&src=http%3A%2F%2Fxinyu.114chn.com%2Ftradepic%2F360500%2F3605001112150001%2Ffckupload%2F201112191033187968.jpg
213,18455,鲁菜,荔浦芋头蒸排骨,73,肉类,1555,17,https://timgsa.baidu.com/timg?image&quality=80&size=b9999_10000&sec=1558119718779&di=55d8c1ea44bb1a159d3cf856f75fdab7&imgtype=0&src=http%3A%2F%2Fs8.sinaimg.cn%2Fbmiddle%2F5f2207e0t783b20b529c7%26690
214,18456,湘菜,过桥豆腐,174,其他类,796,78,https://timgsa.baidu.com/timg?image&quality=80&size=b9999_10000&sec=1558119734690&di=bcdaf5cc48f822200624f6b2df4083b2&imgtype=0&src=http%3A%2F%2Fpic46.nipic.com%2F20140813%2F19271610_161015902709_2.jpg
215,18457,鲁菜,卜豆角炒藕尖,135,其他类,402,27,https://timgsa.baidu.com/timg?image&quality=80&size=b9999_10000&sec=1558119756972&di=498ebf987f072a7cf017a378e0f9b23d&imgtype=0&src=http%3A%2F%2F5b0988e595225.cdn.sohucs.com%2Fimages%2F20180829%2F3e8ff168325241b08daadd9f534ac128.jpeg
216,18458,川菜,大盘嫩藕,149,其他类,1762,28,"https://ss0.bdstatic.com/70cFuHSh_Q1YnxGkpoWK1HF6hhy/it/u=3730590737,2795908347&fm=26&gp=0.jpg"
217,18459,浙菜,韭菜莴笋丝,42,其他类,1289,24,"https://ss1.bdstatic.com/70cFvXSh_Q1YnxGkpoWK1HF6hhy/it/u=2628863372,2430440463&fm=26&gp=0.jpg"
218,18460,川菜,时令蔬菜,79,其他类,1406,65,https://timgsa.baidu.com/timg?image&quality=80&size=b9999_10000&sec=1558119852753&di=3479d46548fffa7b16c648055c477340&imgtype=0&src=http%3A%2F%2F5b0988e595225.cdn.sohucs.com%2Fq_70%2Cc_zoom%2Cw_640%2Fimages%2F20180811%2Fbdf3782cf30e461aa99a0968e729a024.jpeg
219,18461,粤菜,老面馒头,46,其他类,123,31,https://timgsa.baidu.com/timg?image&quality=80&size=b9999_10000&sec=1558119873408&di=1d867ee6a89011d41b04e38173ec89ae&imgtype=0&src=http%3A%2F%2Fwww.xcl888.com%2FUploads%2Fimage%2F201411%2F20141106%2F20141106162423_6119.jpg
220,18462,苏菜,水果拼盘,104,其他类,330,93,https://timgsa.baidu.com/timg?image&quality=80&size=b9999_10000&sec=1558121397204&di=16193ffc15914046f561a002742b241a&imgtype=0&src=http%3A%2F%2Fb-ssl.duitang.com%2Fuploads%2Fitem%2F201601%2F14%2F20160114195449_RFEvr.jpeg
221,18463,粤菜,四位迎宾,83,其他类,422,12,
222,18464,鲁菜,泰式叉烧拼,136,其他类,119,31,https://timgsa.baidu.com/timg?image&quality=80&size=b9999_10000&sec=1558121417174&di=b4d4cc4c1f3f1adafee26253ca9a3907&imgtype=0&src=http%3A%2F%2Fimg.redocn.com%2Fsheying%2F20150410%2Fchashaopinshaoya_4114817.jpg
223,18465,川菜,双味大明虾,47,海鲜类,1779,21,https://timgsa.baidu.com/timg?image&quality=80&size=b9999_10000&sec=1558121434281&di=c6f297fce4a0f4898d13b43e11afc639&imgtype=0&src=http%3A%2F%2Fp1.meituan.net%2Fdeal%2F0248648cb0575390b82bc38a1bcc9b69386964.jpg
224,18466,浙菜,大成一品鸡,112,肉类,995,30,https://timgsa.baidu.com/timg?image&quality=80&size=b9999_10000&sec=1558121454455&di=97f109b07d0572b927f714f63f67a02f&imgtype=0&src=http%3A%2F%2Fpic6.nipic.com%2F20100408%2F1750550_163303475371_2.jpg
225,18467,粤菜,吉祥三宝,111,其他类,108,30,
226,18468,苏菜,辣酒煮花螺,78,海鲜类,923,76,https://timgsa.baidu.com/timg?image&quality=80&size=b9999_10000&sec=1558121475814&di=e9098a0512a2411bed29ab85ed9030be&imgtype=0&src=http%3A%2F%2Fwww.jiahaofoods.com%2FItemsImg%2F20121210101401-%25E8%25BE%25A3%25E9%2585%2592%25E7%2585%25AE%25E8%258A%25B1%25E8%259E%25BA.jpg
227,18469,粤菜,蒜茸粉丝蒸元贝,200,海鲜类,1849,68,https://timgsa.baidu.com/timg?image&quality=80&size=b9999_10000&sec=1558121501551&di=d02bb606505b628b033fac9a4a0919e6&imgtype=0&src=http%3A%2F%2Fp0.meituan.net%2Fdealwatera%2Fd6330156c88d4428fc65ac2b051e553950034.jpg%40493h_702w_2e_100Q%257Cwatermark%3D1%26%26p%3D4
228,18470,鲁菜,富贵霸王肘子,145,肉类,1848,95,https://timgsa.baidu.com/timg?image&quality=80&size=b9999_10000&sec=1558121519758&di=8c2fb827d200fd4115c99ebdd541f747&imgtype=0&src=http%3A%2F%2Fimg1.juimg.com%2F160928%2F327880-16092Q1212568.jpg
229,18471,粤菜,养生双菌,193,其他类,1602,28,https://timgsa.baidu.com/timg?image&quality=80&size=b9999_10000&sec=1558121534346&di=71a9229e0a533179704a718d559d4ce2&imgtype=0&src=http%3A%2F%2Fs2.nuomi.bdimg.com%2Fupload%2F2014%2F07-02%2F1404282648288-7070.jpg
230,18472,湘菜,红椒炒腊牛肉,113,肉类,1895,32,https://timgsa.baidu.com/timg?image&quality=80&size=b9999_10000&sec=1558121552055&di=e237c2c6cd20b33a1ab354b80fa688a8&imgtype=0&src=http%3A%2F%2Fimg.mp.itc.cn%2Fupload%2F20160922%2F8e612e4f237f41e0aab0f4409d2cf7d8_th.jpg
231,18473,川菜,翡翠西芹百合,148,其他类,1222,30,"https://ss1.bdstatic.com/70cFuXSh_Q1YnxGkpoWK1HF6hhy/it/u=989942370,1396736951&fm=26&gp=0.jpg"
232,18474,徽菜,清蒸多宝鱼,62,鱼类,733,25,https://timgsa.baidu.com/timg?image&quality=80&size=b9999_10000&sec=1558121596730&di=141dc7e77ae0b23a8445cd18bb014a93&imgtype=0&src=http%3A%2F%2Fpic161.nipic.com%2Ffile%2F20180411%2F26403536_104300708529_2.jpg
233,18475,鲁菜,荷塘月色,52,其他类,1205,41,https://timgsa.baidu.com/timg?image&quality=80&size=b9999_10000&sec=1558121617045&di=8adc535371acb11147071ae9f88072e7&imgtype=0&src=http%3A%2F%2Fs9.rr.itc.cn%2Fr%2FwapChange%2F20164_22_3%2Fa5slxy7287243543405.jpg
234,18476,浙菜,美点双辉,78,其他类,497,52,https://timgsa.baidu.com/timg?image&quality=80&size=b9999_10000&sec=1558121644826&di=fd35fa41cd32c26844a131058f385e90&imgtype=0&src=http%3A%2F%2Fp0.meituan.net%2Fdeal%2F__3134765__8031356.jpg
235,18477,鲁菜,幸福汤圆,181,其他类,260,84,https://timgsa.baidu.com/timg?image&quality=80&size=b9999_10000&sec=1558121663726&di=1735d0e04d88beed600f4b69736f3819&imgtype=0&src=http%3A%2F%2Fmmbiz.qpic.cn%2Fmmbiz_jpg%2F6oZTpn54nVlJ20iaZSgm5lDRniatu87JXibghJ1akoFyOWqokYjyicOicfpjy1rnt0y1HBuZwfqBSTTjKT4da7ialVsg%2F640%3Fwx_fmt%3Djpeg
236,18478,浙菜,喜庆鲜果盘,119,其他类,1024,69,
237,18479,苏菜,大成粒粒香,192,其他类,1983,89,https://timgsa.baidu.com/timg?image&quality=80&size=b9999_10000&sec=1558716428&di=d5337baf2a9abc30a4ad439b034eb617&imgtype=jpg&er=1&src=http%3A%2F%2Fimg3.redocn.com%2Ftupian%2F20150116%2Fjinshahlilixiang_3587252.jpg
238,18480,粤菜,绿茶纸巾,190,其他类,1878,54,
239,18481,湘菜,香菜拌牛肉,96,肉类,1420,29,https://timgsa.baidu.com/timg?image&quality=80&size=b9999_10000&sec=1558121731747&di=2d327abdb811e674e7b2789c24aab89c&imgtype=0&src=http%3A%2F%2Fimg.mp.itc.cn%2Fupload%2F20170711%2F3babcd07d7724642b9892472793706e1_th.jpg
240,18482,粤菜,醋泡花生米,98,其他类,842,50,https://timgsa.baidu.com/timg?image&quality=80&size=b9999_10000&sec=1558121753118&di=831746d9fff0784522a217dc6bbcf83d&imgtype=0&src=http%3A%2F%2Fcp1.douguo.net%2Fupload%2Fcaiku%2F6%2Fa%2Fd%2F600x400_6a2f8656c0653a82e7d60ce6f791e23d.jpg
241,18483,湘菜,虫草花拌小云耳,34,其他类,1924,21,https://timgsa.baidu.com/timg?image&quality=80&size=b9999_10000&sec=1558121776268&di=d76a65e6afafdc71f47b587b2023710a&imgtype=0&src=http%3A%2F%2Fres.youth.cn%2Farticle_201802_26_268_5a93c5c579126.jpg
242,18484,浙菜,有机青瓜,184,其他类,1589,98,https://timgsa.baidu.com/timg?image&quality=80&size=b9999_10000&sec=1558716523&di=8cdbf92807febc5ba412fdd67de71eec&imgtype=jpg&er=1&src=http%3A%2F%2Fimgqn.koudaitong.com%2Fupload_files%2F2015%2F03%2F21%2FFhhfjuEbxr89zQpoiYaomYE50VqU.jpg%21730x0.jpg
243,18485,徽菜,白灼大明虾,83,海鲜类,1853,68,https://timgsa.baidu.com/timg?image&quality=80&size=b9999_10000&sec=1558121823294&di=71c66435a98edf806c0d112f3f9c72f3&imgtype=0&src=http%3A%2F%2Fe.hiphotos.baidu.com%2Fbainuo%2Fcrop%3D0%2C0%2C964%2C640%3Bw%3D690%3Bq%3D99%3Bc%3Dnuomi%2C95%2C95%2Fsign%3D93c6d85a5f82b2b7b3d063840c9de7df%2F6d81800a19d8bc3e83b74694848ba61ea8d34534.jpg
244,18486,浙菜,清蒸多宝鱼,85,鱼类,1524,34,https://timgsa.baidu.com/timg?image&quality=80&size=b9999_10000&sec=1558121839314&di=d30e48d892ae703e7da7adcee3776374&imgtype=0&src=http%3A%2F%2Fpic161.nipic.com%2Ffile%2F20180411%2F26403536_104300708529_2.jpg
245,18487,鲁菜,鲜人参煲乌鸡汤,160,肉类,1041,36,"https://ss0.bdstatic.com/70cFuHSh_Q1YnxGkpoWK1HF6hhy/it/u=3430595311,766086147&fm=26&gp=0.jpg"
246,18488,浙菜,一瓶山乡里腊鸭,95,肉类,857,58,https://timgsa.baidu.com/timg?image&quality=80&size=b9999_10000&sec=1558716597&di=bd2bc5d1d63780d824ac6a14e0aa18ca&imgtype=jpg&er=1&src=http%3A%2F%2Fpic7.huitu.com%2Fres%2F20130227%2F129931_20130227101138582200_1.jpg
247,18489,湘菜,香辣跳跳蛙,184,肉类,425,79,https://timgsa.baidu.com/timg?image&quality=80&size=b9999_10000&sec=1558121892832&di=0210102f39481558798c5e4a812f1fb7&imgtype=0&src=http%3A%2F%2Fimg.mp.itc.cn%2Fupload%2F20170416%2F662380cf85844e9ab2180ec69def60c0_th.jpeg
248,18490,川菜,大蒜辣椒炒腊牛肉,143,肉类,206,78,https://timgsa.baidu.com/timg?image&quality=80&size=b9999_10000&sec=1558121908837&di=7b96d39bbbb9de985a42b14d62b7eb19&imgtype=0&src=http%3A%2F%2Fimages4.c-ctrip.com%2Ftarget%2Ffd%2Ftuangou%2Fg1%2FM07%2FE2%2FA7%2FCghzfFUwlvuAL3WAAAG0zrBWbcM139.jpg
249,18491,苏菜,荔浦芋头蒸排骨,65,肉类,109,40,https://timgsa.baidu.com/timg?image&quality=80&size=b9999_10000&sec=1558121928521&di=a54de140a49a0a436e293dcd8cc340b6&imgtype=0&src=http%3A%2F%2Fwww.weixinquanquan.com%2FUploads%2Fueditor%2F35042%2F20160513%2F1463122858586696.jpg
250,18492,粤菜,卜豆角炒藕尖,109,其他类,124,68,https://timgsa.baidu.com/timg?image&quality=80&size=b9999_10000&sec=1558121947919&di=e7f8feb0af6eea2644c993a83067d62a&imgtype=0&src=http%3A%2F%2F5b0988e595225.cdn.sohucs.com%2Fimages%2F20180829%2F3e8ff168325241b08daadd9f534ac128.jpeg
251,18493,粤菜,酱汁淮山,77,其他类,728,64,https://timgsa.baidu.com/timg?image&quality=80&size=b9999_10000&sec=1558121972745&di=5602ad070d9c5fd6cc5a453e92600490&imgtype=0&src=http%3A%2F%2Fmmbiz.qpic.cn%2Fmmbiz_jpg%2F6hjzaicOEjXIBpZeUicMibaSJicJeNWg2RSBquNNIQBe8T6AXtn5nlgZnPbZmsjiaAiaGs7W8prEQK7ibusiakvwUt9ZsQ%2F640%3Fwx_fmt%3Djpeg
252,18494,湘菜,韭菜莴笋丝,89,其他类,1434,21,"https://ss1.bdstatic.com/70cFvXSh_Q1YnxGkpoWK1HF6hhy/it/u=2628863372,2430440463&fm=26&gp=0.jpg"
253,18495,粤菜,荞麦糕,21,其他类,1950,12,https://timgsa.baidu.com/timg?image&quality=80&size=b9999_10000&sec=1558122012612&di=48b724c94126e42cc4d510abafd43475&imgtype=0&src=http%3A%2F%2Fp0.ssl.cdn.btime.com%2Ft01fb2bdb6f50e6486c.jpg%3Fsize%3D1080x719
254,18496,粤菜,水果拼盘,127,其他类,640,86,https://timgsa.baidu.com/timg?image&quality=80&size=b9999_10000&sec=1558122030668&di=71f95fc765d2a1a0a42bbccb1d0e84d6&imgtype=0&src=http%3A%2F%2Fqcloud.dpfile.com%2Fpc%2FxNC6HE7eVuLAl76lXpq5D45cKMG6Qo2knDkwm1AdxT_tXX1i_3zJ1y9pEkJHH7_WjoJrvItByyS4HHaWdXyO_DrXIaWutJls2xCVbatkhjUNNiIYVnHvzugZCuBITtvjski7YaLlHpkrQUr5euoQrg.jpg
255,18497,粤菜,六味迎嘉宾,187,其他类,1450,94,https://timgsa.baidu.com/timg?image&quality=80&size=b9999_10000&sec=1558122056992&di=46a299854472dfd3bb7b85540a26a319&imgtype=0&src=http%3A%2F%2Fs3.sinaimg.cn%2Fmw690%2F0065RaIzzy6TjxRtVfk22%26690
256,18498,苏菜,广式烧卤拼,132,其他类,645,89,https://timgsa.baidu.com/timg?image&quality=80&size=b9999_10000&sec=1558122086416&di=db46af4fa319fe21b389010150789ffa&imgtype=0&src=http%3A%2F%2Fe.hiphotos.baidu.com%2Fbainuo%2Fcrop%3D0%2C14%2C470%2C285%3Bw%3D470%3Bq%3D80%2Fsign%3D20e8f6809fdda144ce4636f28f87fc93%2Fe1fe9925bc315c601897397c85b1cb1349547726.jpg
257,18499,粤菜,虫草花乳鸽,176,肉类,1229,44,https://timgsa.baidu.com/timg?image&quality=80&size=b9999_10000&sec=1558122108525&di=61b68b3be4905b7b2f32d407943db0f8&imgtype=0&src=http%3A%2F%2Fwww.vitagou.com%2Fuploadfile%2F2018%2F0206%2F201802066229890952.jpeg
258,18500,湘菜,双味大明虾,64,海鲜类,965,25,https://timgsa.baidu.com/timg?image&quality=80&size=b9999_10000&sec=1558122129754&di=83379b2170cf494c27c06ba0be494712&imgtype=0&src=http%3A%2F%2Fp1.meituan.net%2Fdeal%2F__32695187__8862069.jpg
259,18501,浙菜,金蒜蒸扇贝,135,海鲜类,1660,45,"https://ss1.bdstatic.com/70cFvXSh_Q1YnxGkpoWK1HF6hhy/it/u=1725493626,2676025655&fm=26&gp=0.jpg"
260,18502,粤菜,土鸡煨鲍仔,177,海鲜类,714,66,"https://ss1.bdstatic.com/70cFvXSh_Q1YnxGkpoWK1HF6hhy/it/u=2919212847,958879714&fm=26&gp=0.jpg"
261,18503,粤菜,汉寿水鱼钵,150,鱼类,731,21,https://timgsa.baidu.com/timg?image&quality=80&size=b9999_10000&sec=1558122177607&di=729f17c11ba6b72dae035233a2624e79&imgtype=0&src=http%3A%2F%2Fpic103.huitu.com%2Fres%2F20180110%2F1622555_20180110120020422050_1.jpg
262,18504,鲁菜,芙蓉全福鸭,66,肉类,1896,56,https://timgsa.baidu.com/timg?image&quality=80&size=b9999_10000&sec=1558122199944&di=dda89e7179047f8eb1cd09cdf695d77b&imgtype=0&src=http%3A%2F%2F5b0988e595225.cdn.sohucs.com%2Fimages%2F20171104%2Fda917ba9bfac495e8e468acb3c94e347.jpeg
263,18505,鲁菜,盐菜虎皮肘,197,肉类,400,89,https://timgsa.baidu.com/timg?image&quality=80&size=b9999_10000&sec=1558122228830&di=94b7ca085ac34583f803886f15415c72&imgtype=0&src=http%3A%2F%2Fztd00.photos.bdimg.com%2Fztd%2Fw%3D700%3Bq%3D50%2Fsign%3Ddeeb20a9dd3f8794d3ff4a2ee2207fc9%2F6a600c338744ebf856e2a72ed0f9d72a6059a714.jpg
264,18506,湘菜,青椒焖肚条,73,肉类,599,40,https://timgsa.baidu.com/timg?image&quality=80&size=b9999_10000&sec=1558122247961&di=5a2b0383d0da9b11f825f1c833d7f51f&imgtype=0&src=http%3A%2F%2Fwww.xcmchl.com%2Fuploadfile%2F20135281231482271.jpg
265,18507,鲁菜,红椒黄牛肉,95,肉类,1656,81,https://timgsa.baidu.com/timg?image&quality=80&size=b9999_10000&sec=1558122267420&di=66e5a1e9f62e2ded4e649eaece69688d&imgtype=0&src=http%3A%2F%2Fimg.mp.sohu.com%2Fupload%2F20170731%2F14b6769f3a444c6884bd56a833cf9af3_th.png
266,18508,粤菜,清蒸大桂鱼,66,鱼类,1076,37,https://timgsa.baidu.com/timg?image&quality=80&size=b9999_10000&sec=1558122292071&di=1080e1e1aae9488b634d661e32ba4be4&imgtype=0&src=http%3A%2F%2Fpic54.nipic.com%2Ffile%2F20141127%2F9885883_235651651000_2.jpg
267,18509,苏菜,香菇扒菜心,87,其他类,1020,58,https://timgsa.baidu.com/timg?image&quality=80&size=b9999_10000&sec=1558122306955&di=ac82f0a0e3f74b6a1ee24f36f14d3b05&imgtype=0&src=http%3A%2F%2Fimg3.redocn.com%2Ftupian%2F20141114%2Fxianggubacaixinfuben_3449885.jpg
268,18510,徽菜,美点映双辉,50,其他类,1358,38,"https://ss0.bdstatic.com/70cFuHSh_Q1YnxGkpoWK1HF6hhy/it/u=3086522864,559268186&fm=26&gp=0.jpg"
269,18511,川菜,精美水果盘,81,其他类,533,78,https://timgsa.baidu.com/timg?image&quality=80&size=b9999_10000&sec=1558122344783&di=3447d600f67384b885d24beb63079481&imgtype=0&src=http%3A%2F%2Fp0.meituan.net%2Fdpgroup%2Fdc50b06e6d3363ce2e26cf97c898416c164984.jpg%2540820w_0e_1l%257Cwatermark%3D0
270,18512,浙菜,酱泡萝卜皮,85,其他类,1321,31,https://timgsa.baidu.com/timg?image&quality=80&size=b9999_10000&sec=1558122362019&di=48ae1c6823a477d052322a0b669e00bf&imgtype=0&src=http%3A%2F%2Fp0.meituan.net%2Fdeal%2F__29234484__2526631.jpg
271,18513,鲁菜,家常皮蛋,140,其他类,1908,100,https://timgsa.baidu.com/timg?image&quality=80&size=b9999_10000&sec=1558122384354&di=76957d3d69660fd20c2fde9be7e52ccb&imgtype=0&src=http%3A%2F%2Fn.sinaimg.cn%2Fsinacn14%2F278%2Fw625h453%2F20180502%2F9adf-fzyqqip8485556.jpg
272,18514,川菜,巧拌金钱肚,152,肉类,215,17,"https://ss3.bdstatic.com/70cFv8Sh_Q1YnxGkpoWK1HF6hhy/it/u=4000012080,505416925&fm=15&gp=0.jpg"
273,18515,徽菜,芥辣海蜇头,100,其他类,599,96,https://timgsa.baidu.com/timg?image&quality=80&size=b9999_10000&sec=1558122429921&di=e2b90d9c9f32dde4ba9ef23af25dcd56&imgtype=0&src=http%3A%2F%2Fimg3.redocn.com%2Ftupian%2F20141220%2Fbaojianhaitou_3524389.jpg
274,18516,苏菜,双色大明虾,66,海鲜类,630,58,https://timgsa.baidu.com/timg?image&quality=80&size=b9999_10000&sec=1558122444317&di=0bf564d3702cc23754ebdef2e965f58a&imgtype=0&src=http%3A%2F%2Fe.hiphotos.baidu.com%2Fbainuo%2Fw%3D470%3Bq%3D99%3Bc%3Dnuomi%2C95%2C95%2Fsign%3Db39c97d0133853438ccf8626a328c143%2Fdcc451da81cb39db304b03ead3160924aa183086.jpg
275,18517,粤菜,霸王肘子,101,肉类,1952,79,https://timgsa.baidu.com/timg?image&quality=80&size=b9999_10000&sec=1558122462875&di=a3c41087409d9187cfb5d0fbaea201d4&imgtype=0&src=http%3A%2F%2Fcp1.douguo.net%2Fupload%2Fcaiku%2F7%2F5%2Ff%2F600_7574e37143ee6a7a28998977d0ce4c3f.jpg
276,18518,粤菜,秘制水鱼,171,鱼类,828,26,https://timgsa.baidu.com/timg?image&quality=80&size=b9999_10000&sec=1558122486092&di=6434bb99a0fb1b870b27f827ab8686c1&imgtype=0&src=http%3A%2F%2Fe.hiphotos.baidu.com%2Fbainuo%2Fcrop%3D0%2C0%2C800%2C507%3Bw%3D690%3Bq%3D89%3Bc%3Dnuomi%2C95%2C95%2Fsign%3D5ef3bcd6d600baa1ae631dfb7a209522%2Fb21bb051f8198618f7b49ebe4ded2e738bd4e61d.jpg
277,18519,鲁菜,辣酒煮花螺,176,海鲜类,606,87,https://timgsa.baidu.com/timg?image&quality=80&size=b9999_10000&sec=1558122504430&di=63e382a448fb25fe19c00efd4bc08049&imgtype=0&src=http%3A%2F%2Fstc.zjol.com.cn%2Fg1%2FM000AD5CggSBFmVSU2AQGuYAAFOVRfrgqc972.jpg%3Fwidth%3D643%26height%3D396
278,18520,徽菜,清蒸石斑鱼,37,鱼类,207,29,https://timgsa.baidu.com/timg?image&quality=80&size=b9999_10000&sec=1558122524154&di=9982aa1d468c2175f0273e6faf79e6ec&imgtype=0&src=http%3A%2F%2F5b0988e595225.cdn.sohucs.com%2Fq_70%2Cc_zoom%2Cw_640%2Fimages%2F20180518%2F782e8c34ad084534aa0925dc042fed07.jpeg
279,18521,苏菜,蒜茸粉丝蒸元贝,65,海鲜类,120,33,https://timgsa.baidu.com/timg?image&quality=80&size=b9999_10000&sec=1558122542013&di=4ed2cbd10ad624b70d5fbb0b0b033c2d&imgtype=0&src=http%3A%2F%2Fhbimg.b0.upaiyun.com%2F858255fcaa08239d2176d131eaedca23ed820bca1984a-lYhhuP_fw658
280,18522,湘菜,湘之驴,114,其他类,758,71,https://timgsa.baidu.com/timg?image&quality=80&size=b9999_10000&sec=1558122559431&di=e6977f816aae295143c6d75c0325d2a0&imgtype=0&src=http%3A%2F%2Fp1.meituan.net%2Fdeal%2F__20596399__1864143.jpg
281,18523,粤菜,酱爆仔鸭,46,肉类,270,44,https://timgsa.baidu.com/timg?image&quality=80&size=b9999_10000&sec=1558122573519&di=665aa8d56fc9d637c2828929d3ac6834&imgtype=0&src=http%3A%2F%2Fs0.nuomi.bdimg.com%2Fupload%2F2013%2F02-27%2F1361957121512-0885.jpg
282,18524,湘菜,酸萝卜炒肚丝,90,肉类,1626,40,https://timgsa.baidu.com/timg?image&quality=80&size=b9999_10000&sec=1558122597190&di=cc85519226260523eaf8cad7dd5a4e14&imgtype=0&src=http%3A%2F%2Fp1.meituan.net%2Fdeal%2Fdb9f7791a9c6beaedb60540d9390b018343413.jpg
283,18525,徽菜,养身健康小炒,95,其他类,520,76,https://timgsa.baidu.com/timg?image&quality=80&size=b9999_10000&sec=1558122618949&di=4fb610a6e16e9095be0b6fa059093740&imgtype=0&src=http%3A%2F%2Fpic108.huitu.com%2Fres%2F20180802%2F1458275_20180802160532781070_1.jpg
284,18526,徽菜,五色玉米粒,76,其他类,233,49,https://timgsa.baidu.com/timg?image&quality=80&size=b9999_10000&sec=1558122633082&di=eac33b6159e143b89bb86d9e2f58c311&imgtype=0&src=http%3A%2F%2Fp0.meituan.net%2Fdeal%2F__40029031__6585712.jpg
285,18527,湘菜,特省菌炖土鸡,152,肉类,1133,51,https://timgsa.baidu.com/timg?image&quality=80&size=b9999_10000&sec=1558122654658&di=ee3e9c1ea64332ccf5673b1d274d630a&imgtype=0&src=http%3A%2F%2Fpic49.nipic.com%2Ffile%2F20140920%2F9885883_185927897000_2.jpg
286,18528,鲁菜,白灼芥兰,120,其他类,832,43,https://timgsa.baidu.com/timg?image&quality=80&size=b9999_10000&sec=1558122668897&di=c6ccbd566f2bc1be72f07db7907e2293&imgtype=0&src=http%3A%2F%2Fimg3.redocn.com%2Ftupian%2F20141119%2Fbaizhuojielan_3460133.jpg
287,18529,湘菜,美点双辉,27,其他类,687,12,https://timgsa.baidu.com/timg?image&quality=80&size=b9999_10000&sec=1558122684105&di=e4b2c6c0bef726b442110c463c8bf7d1&imgtype=0&src=http%3A%2F%2Fimg.redocn.com%2Fsheying%2F20160517%2Fshishangmeidianyingshuanghui_6326805.jpg
288,18530,鲁菜,精美果盘,94,其他类,833,92,https://timgsa.baidu.com/timg?image&quality=80&size=b9999_10000&sec=1558122704014&di=134446bedb162a3c94c24ba6145aad91&imgtype=0&src=http%3A%2F%2Fimage.tupian114.com%2F20141110%2F11270135.jpg
289,18531,苏菜,凉菜三剑客,135,其他类,887,76,https://timgsa.baidu.com/timg?image&quality=80&size=b9999_10000&sec=1558122727038&di=bc93b3cf66456d8faf41dc354341bb57&imgtype=0&src=http%3A%2F%2Fpic17.huitu.com%2Fres%2F20140319%2F149397_20140319000414802200_1.jpg
290,18532,粤菜,坚果奇缘,196,其他类,778,97,https://timgsa.baidu.com/timg?image&quality=80&size=b9999_10000&sec=1558122750820&di=4e7b509ed9ad35683f65d47d29f76859&imgtype=0&src=http%3A%2F%2Fku.90sjimg.com%2Felement_origin_min_pic%2F16%2F08%2F25%2F1157be6c8c760bc.jpg
291,18533,苏菜,冰镇花螺,161,海鲜类,1923,33,https://timgsa.baidu.com/timg?image&quality=80&size=b9999_10000&sec=1558122776427&di=361b1446f1cfd09143b0665e57b32bd4&imgtype=0&src=http%3A%2F%2Fmmbiz.qpic.cn%2Fmmbiz_jpg%2F19lKbGjtwnwpAooCGqchUYcuHk2oloYmMrgK3louicGicib4eZaDrns3k7ibnwxZGOd40ROMicFTAPynjgQzK3Bw27Q%2F640%3Fwx_fmt%3Djpeg
292,18534,徽菜,三文鱼刺身,108,鱼类,1243,83,https://timgsa.baidu.com/timg?image&quality=80&size=b9999_10000&sec=1558122800765&di=2efec2a631d6b70500845a131c92334b&imgtype=0&src=http%3A%2F%2Fimg.mp.itc.cn%2Fupload%2F20160808%2Fe6fc62e12018454c9a80541f7368ef9b_th.jpg
293,18535,粤菜,白灼大明虾,91,海鲜类,359,65,https://timgsa.baidu.com/timg?image&quality=80&size=b9999_10000&sec=1558122819454&di=ddde6ac2e0571d239cc6eade25746eb5&imgtype=0&src=http%3A%2F%2Fimg.mp.itc.cn%2Fupload%2F20170814%2Fbc307d4d90c242cbbb6fd30700eaf2f5_th.jpg
294,18536,湘菜,姜葱炒肉蟹,174,海鲜类,1182,73,https://timgsa.baidu.com/timg?image&quality=80&size=b9999_10000&sec=1558122836700&di=0cc124b3c06ac7430d273b633e8c7569&imgtype=0&src=http%3A%2F%2F5b0988e595225.cdn.sohucs.com%2Fimages%2F20170907%2Fbcb7efa6a3fb473f9ea0077021d62229.jpeg
295,18537,粤菜,虫草花煲老鸭,82,肉类,899,78,https://timgsa.baidu.com/timg?image&quality=80&size=b9999_10000&sec=1558122852746&di=e1fb3ed4136638bacd54093a065e54de&imgtype=0&src=http%3A%2F%2Fp1.meituan.net%2Fdeal%2F42f34ed1dd07a94886b0de714851fe62261772.jpg
296,18538,苏菜,富贵金丝球,124,其他类,1076,21,https://timgsa.baidu.com/timg?image&quality=80&size=b9999_10000&sec=1558122866157&di=d1fb7554cc515695cf3db8ef5222ad07&imgtype=0&src=http%3A%2F%2Fs0.nuomi.bdimg.com%2Fupload%2F2014%2F05-18%2F1400401039257-3564.jpg
297,18539,粤菜,常德原味土鸡,81,肉类,1243,69,https://timgsa.baidu.com/timg?image&quality=80&size=b9999_10000&sec=1558122882972&di=11d8faf4e7c7b8abf2b13c8e4f43bdad&imgtype=0&src=http%3A%2F%2Fpic19.huitu.com%2Fres%2F20140618%2F260714_20140618220801001200_1.jpg
298,18540,苏菜,仔姜跳跳蛙,129,肉类,1558,11,https://timgsa.baidu.com/timg?image&quality=80&size=b9999_10000&sec=1558122898168&di=51f2e009fb0bf8ddf759732f17d94fcb&imgtype=0&src=http%3A%2F%2Fcos.solepic.com%2F20171224%2Fb_1275987_201712241059235660.jpg
299,18541,湘菜,巴掌大片牛肉,35,肉类,1332,21,https://timgsa.baidu.com/timg?image&quality=80&size=b9999_10000&sec=1558122914126&di=7abbaf48c48ad04bcdcf0e4a28badf68&imgtype=0&src=http%3A%2F%2Fpic60.nipic.com%2Ffile%2F20150228%2F20309624_122813849000_2.jpg
300,18542,鲁菜,荔浦芋头蒸排骨,83,肉类,1785,33,https://timgsa.baidu.com/timg?image&quality=80&size=b9999_10000&sec=1558122937408&di=32160a318197a1302f2e0ab10690bea5&imgtype=0&src=http%3A%2F%2Fwww.weixinquanquan.com%2FUploads%2Fueditor%2F35042%2F20160513%2F1463122858586696.jpg
301,18543,浙菜,西芹百合炒腰果,44,其他类,1718,41,https://timgsa.baidu.com/timg?image&quality=80&size=b9999_10000&sec=1558122956391&di=530828f78729a25f1db620912ad28fe8&imgtype=0&src=http%3A%2F%2F5b0988e595225.cdn.sohucs.com%2Fimages%2F20180502%2F0fbe6fbdd18241b2b4a0a0a2340589b8.jpeg
302,18544,粤菜,卜豆角炒藕尖,75,其他类,1829,55,https://timgsa.baidu.com/timg?image&quality=80&size=b9999_10000&sec=1558122969982&di=434b3283482282d8fb48e70151011714&imgtype=0&src=http%3A%2F%2F5b0988e595225.cdn.sohucs.com%2Fimages%2F20180829%2F3e8ff168325241b08daadd9f534ac128.jpeg
303,18545,浙菜,韭菜莴笋丝,87,其他类,1308,74,"https://ss1.bdstatic.com/70cFvXSh_Q1YnxGkpoWK1HF6hhy/it/u=2628863372,2430440463&fm=26&gp=0.jpg"
304,18546,苏菜,时令蔬菜,162,其他类,336,61,https://timgsa.baidu.com/timg?image&quality=80&size=b9999_10000&sec=1558123008924&di=c16f6102933ecf82a25261de6a55bcaa&imgtype=0&src=http%3A%2F%2F5b0988e595225.cdn.sohucs.com%2Fq_70%2Cc_zoom%2Cw_640%2Fimages%2F20180811%2Fbdf3782cf30e461aa99a0968e729a024.jpeg
305,18547,湘菜,芦荟双皮奶,195,其他类,696,48,https://timgsa.baidu.com/timg?image&quality=80&size=b9999_10000&sec=1558123025138&di=cb559c74015d3888d3cec4d34b8e4abf&imgtype=0&src=http%3A%2F%2Fpic.in.chengdu.cn%2Fuser%2Fodp%2F201308%2F11%2F201308_11_221736535_80106_751x531.jpg
306,18548,粤菜,水果拼盘,82,其他类,1750,77,https://timgsa.baidu.com/timg?image&quality=80&size=b9999_10000&sec=1558123052652&di=d0a18d44882d7fd46aee91060d6e4f43&imgtype=0&src=http%3A%2F%2Fqcloud.dpfile.com%2Fpc%2FxNC6HE7eVuLAl76lXpq5D45cKMG6Qo2knDkwm1AdxT_tXX1i_3zJ1y9pEkJHH7_WjoJrvItByyS4HHaWdXyO_DrXIaWutJls2xCVbatkhjUNNiIYVnHvzugZCuBITtvjski7YaLlHpkrQUr5euoQrg.jpg
307,18549,湘菜,六味迎嘉宾,81,其他类,418,40,"https://ss0.bdstatic.com/70cFvHSh_Q1YnxGkpoWK1HF6hhy/it/u=1740291793,2840649453&fm=26&gp=0.jpg"
308,18550,浙菜,卤水大拼盘,160,其他类,1403,17,https://timgsa.baidu.com/timg?image&quality=80&size=b9999_10000&sec=1558123123003&di=1bb51a6a0f70f40fbddee6436e517a19&imgtype=0&src=http%3A%2F%2Ficn.manzuocaipu.com%2F8b2%2F180553.jpg
309,18551,徽菜,松茸炖乳鸽,102,肉类,1221,64,https://timgsa.baidu.com/timg?image&quality=80&size=b9999_10000&sec=1558123090094&di=1e85c2aee01eff132cc6902a3c2c8ec4&imgtype=0&src=http%3A%2F%2Fpic23.nipic.com%2F20120810%2F10691762_095801382148_2.jpg
310,18552,湘菜,白灼大明虾,123,海鲜类,197,54,https://timgsa.baidu.com/timg?image&quality=80&size=b9999_10000&sec=1558123137581&di=f4f1b639e1bd65812d39fb5f9d43052b&imgtype=0&src=http%3A%2F%2Fp1.meituan.net%2Fdealwatera%2F8f33ca638cf87835928af47c45f025ea53457.jpg%40407h_702w_2e_90Q%257Cwatermark%3D1%26%26p%3D4
311,18553,鲁菜,干锅花螺王,128,海鲜类,1292,83,https://timgsa.baidu.com/timg?image&quality=80&size=b9999_10000&sec=1558123150366&di=444a848ea55c624715e3bae677bc0541&imgtype=0&src=http%3A%2F%2Fp0.meituan.net%2Fdeal%2F__6169951__4446951.jpg
312,18554,粤菜,姜葱大肉蟹,195,海鲜类,1266,94,https://timgsa.baidu.com/timg?image&quality=80&size=b9999_10000&sec=1558123171363&di=a95fe7c841e21d58d065c0b6d55988fe&imgtype=0&src=http%3A%2F%2Fqcloud.dpfile.com%2Fpc%2FAtk1Z5zrr4AR6VJSJgIwEKHsBGnCOL8Vg0940uLiPVO7ATajg7Q4gq8bAbjE2shITYGVDmosZWTLal1WbWRW3A.jpg
313,18555,苏菜,土鸡煨鲜鲍,95,海鲜类,262,90,https://timgsa.baidu.com/timg?image&quality=80&size=b9999_10000&sec=1558123186611&di=b165cde1fc124ee7bcb425f8e7142bff&imgtype=0&src=http%3A%2F%2Fpic71.nipic.com%2Ffile%2F20150702%2F20925061_171928686000_2.jpg
314,18556,湘菜,青椒带皮蛇,137,肉类,1016,73,https://timgsa.baidu.com/timg?image&quality=80&size=b9999_10000&sec=1558123204710&di=6853d688c521d69cc32e1773ebec788c&imgtype=0&src=http%3A%2F%2Fs2.nuomi.bdimg.com%2Fupload%2F2012%2F06-13%2F1339557423702-8100.jpg
315,18557,粤菜,黄焖水鱼钵,122,鱼类,1762,36,https://timgsa.baidu.com/timg?image&quality=80&size=b9999_10000&sec=1558123239109&di=0fc7afcb2da87fbb02a43017c1ac49bc&imgtype=0&src=http%3A%2F%2Fe.hiphotos.baidu.com%2Fbainuo%2Fcrop%3D0%2C0%2C690%2C459%3Bw%3D470%3Bq%3D99%3Bc%3Dnuomi%2C95%2C95%2Fsign%3D9b736c5c5a6034a83dade2c1f6236564%2F1ad5ad6eddc451da839de9b6b0fd5266d0163207.jpg
316,18558,徽菜,富贵黄金肘,76,肉类,1944,70,"https://ss1.bdstatic.com/70cFuXSh_Q1YnxGkpoWK1HF6hhy/it/u=521981337,3659786144&fm=26&gp=0.jpg"
317,18559,浙菜,红椒黄牛肉,88,肉类,1670,37,https://timgsa.baidu.com/timg?image&quality=80&size=b9999_10000&sec=1558123279454&di=a3c3e70ef0f44360195b144673a868ab&imgtype=0&src=http%3A%2F%2Fcnhubei.com%2Fxwzt%2F2015%2Fsjcjlyblh%2F2015hbhlybl%2F2015hbhhzms%2F201504%2FW020150430433450170483.jpg
318,18560,粤菜,清蒸石斑鱼,137,鱼类,1969,40,https://timgsa.baidu.com/timg?image&quality=80&size=b9999_10000&sec=1558123297938&di=5c31f754f53505e0b2876dc3f5f8197d&imgtype=0&src=http%3A%2F%2Fpic27.photophoto.cn%2F20130617%2F0042040295649815_b.jpg
319,18561,粤菜,碎炒广菜心,182,其他类,1812,61,https://timgsa.baidu.com/timg?image&quality=80&size=b9999_10000&sec=1558123313269&di=020f0e7c9a6ff3a2added0508dbf094a&imgtype=0&src=http%3A%2F%2Fpic24.nipic.com%2F20121019%2F3385469_111755273158_2.jpg
320,18562,鲁菜,红枣银耳汤,120,其他类,1378,93,https://timgsa.baidu.com/timg?image&quality=80&size=b9999_10000&sec=1558123329258&di=9b2e2182bec0c51ddd0f02f3839503a9&imgtype=0&src=http%3A%2F%2Fcp1.douguo.net%2Fupload%2Fcaiku%2F6%2F9%2Fa%2Fyuan_69fcfc5e4c7cb62ee30a6a8070c99d2a.jpg
321,18563,鲁菜,美点映双辉,97,其他类,703,47,https://timgsa.baidu.com/timg?image&quality=80&size=b9999_10000&sec=1558123342405&di=1173954281dd0c0ed0223c42d07e35d7&imgtype=0&src=http%3A%2F%2Fe.hiphotos.baidu.com%2Fbainuo%2Fcrop%3D0%2C0%2C1000%2C668%3Bw%3D690%3Bq%3D99%3Bc%3Dnuomi%2C95%2C95%2Fsign%3Db5b03ede17178a82da7325e0cb335fbd%2F908fa0ec08fa513d1101a8cc346d55fbb2fbd97d.jpg
322,18564,川菜,精美水果盘,177,其他类,1535,28,https://timgsa.baidu.com/timg?image&quality=80&size=b9999_10000&sec=1558718075&di=cb7d2d98510914b397cce9d62dae2098&imgtype=jpg&er=1&src=http%3A%2F%2Fimgqn.koudaitong.com%2Fupload_files%2F2015%2F01%2F02%2FFkNPW9qU60KMaThFpwLQrdc4ig9W.JPG%21580x580.jpg
323,18565,鲁菜,开胃萝卜皮,157,其他类,1885,30,https://timgsa.baidu.com/timg?image&quality=80&size=b9999_10000&sec=1558123375690&di=c96c605e83ef1b6e4c789459011dabbb&imgtype=0&src=http%3A%2F%2Fwww.9eat.com%2FfileUpload%2F2014%2F4%2F8%2F3512814f1dcc.JPG
324,18566,湘菜,油炸花生米,65,其他类,573,33,https://timgsa.baidu.com/timg?image&quality=80&size=b9999_10000&sec=1558123392893&di=80b5aff34ee0180938c867d06e0a7e63&imgtype=0&src=http%3A%2F%2Ffile16.zk71.com%2FFile%2FCorpEditInsertImages%2F2017%2F10%2F23%2F0_futanlvdanban_3655_20171023102209.jpg
325,18567,鲁菜,凉拌皮蛋,96,其他类,651,93,https://timgsa.baidu.com/timg?image&quality=80&size=b9999_10000&sec=1558123433503&di=85beea2a575a43caade205ebfc09eff1&imgtype=0&src=http%3A%2F%2Fcp1.douguo.net%2Fupload%2Fcaiku%2F7%2Fd%2Ff%2Fyuan_7d1d7f063fd06d2a207f15fded45c37f.jpg
326,18568,湘菜,凉拌黑木耳,128,其他类,1022,37,https://timgsa.baidu.com/timg?image&quality=80&size=b9999_10000&sec=1558123457750&di=3b7643774c81ba964686a7e68d6b7b72&imgtype=0&src=http%3A%2F%2Fn.sinaimg.cn%2Fsinacn16%2F337%2Fw1198h739%2F20180325%2Ffb92-fysnevn0070612.jpg
327,18569,鲁菜,白灼大明虾,156,海鲜类,1906,41,https://timgsa.baidu.com/timg?image&quality=80&size=b9999_10000&sec=1558123477621&di=17b6d456999075794226e7aa767f48b7&imgtype=0&src=http%3A%2F%2Fn.sinaimg.cn%2Fsinacn10%2F181%2Fw1122h659%2F20181122%2F0599-hmhswin7216057.jpg
328,18570,苏菜,清蒸西江鲂,192,其他类,290,27,https://timgsa.baidu.com/timg?image&quality=80&size=b9999_10000&sec=1558123497123&di=e4e442780d16a5915e5074b263382087&imgtype=0&src=http%3A%2F%2Fimage.cnpp.cn%2Fupload%2Fimages%2F20170724%2F1500880020_22854_6.jpg
329,18571,粤菜,徐记薯粉钵,120,其他类,678,80,https://timgsa.baidu.com/timg?image&quality=80&size=b9999_10000&sec=1558123517275&di=2d38ddda2a56ae0e90deed59d7b08554&imgtype=0&src=http%3A%2F%2Fimg1.voc.com.cn%2FUpLoadFile%2F2018%2F02%2F28%2F201802281506584476.jpg
330,18572,粤菜,干锅花猪肉,80,肉类,1629,33,https://timgsa.baidu.com/timg?image&quality=80&size=b9999_10000&sec=1558123544169&di=c2ec870f262b78061543720d8ed137ab&imgtype=0&src=http%3A%2F%2Fp1.meituan.net%2Fdeal%2F__7879297__8029401.jpg
331,18573,粤菜,吴氏土炒鸭,133,肉类,1394,48,https://timgsa.baidu.com/timg?image&quality=80&size=b9999_10000&sec=1558123577246&di=b538f7428b845c85f78f4c0fef64e1af&imgtype=0&src=http%3A%2F%2Fimg.popo.cn%2Fuploads%2F450%2F869%2F1536282074061701.jpg
332,18574,鲁菜,客家菜干焖川豆,77,其他类,441,59,https://timgsa.baidu.com/timg?image&quality=80&size=b9999_10000&sec=1558123602685&di=6d9432b741051b9e8a5185b97f84240f&imgtype=0&src=http%3A%2F%2F5b0988e595225.cdn.sohucs.com%2Fimages%2F20171109%2F9d3def085c774a3e993e32448bc649b5.jpeg
333,18575,徽菜,五圆整鸡,50,肉类,970,36,https://timgsa.baidu.com/timg?image&quality=80&size=b9999_10000&sec=1558123624915&di=8c2af18296fa447efa6f7fd597c4416f&imgtype=0&src=http%3A%2F%2Fbaotang.meishic.com%2Fuploadfile%2F2011%2F0720%2F20110720093034529.jpg
334,18576,湘菜,岳阳三卜,81,其他类,105,67,https://timgsa.baidu.com/timg?image&quality=80&size=b9999_10000&sec=1558123641467&di=da1b423fd329866b385e1be9c5c69797&imgtype=0&src=http%3A%2F%2Fimg1.juimg.com%2F161117%2F330797-16111F2031020.jpg
335,18577,川菜,青椒炒脆骨,182,其他类,719,50,https://timgsa.baidu.com/timg?image&quality=80&size=b9999_10000&sec=1558123667123&di=cd6c69af9f4d277816ecd1a881d0972c&imgtype=0&src=http%3A%2F%2Fpic74.nipic.com%2Ffile%2F20150813%2F21573978_205228539000_2.jpg
336,18578,湘菜,茶油蒸腊肠,169,肉类,1509,19,https://timgsa.baidu.com/timg?image&quality=80&size=b9999_10000&sec=1558123683482&di=3db4160f626037b3b3cbc34cdbffd7a5&imgtype=0&src=http%3A%2F%2Fs9.sinaimg.cn%2Fbmiddle%2F004fhekcgy6E7mN7OLm18%26690
337,18579,鲁菜,清炒时蔬,191,其他类,744,78,https://timgsa.baidu.com/timg?image&quality=80&size=b9999_10000&sec=1558123699680&di=2d6009af6b471f40b531afff774ca0d8&imgtype=0&src=http%3A%2F%2Fmmbiz.qpic.cn%2Fmmbiz_jpg%2FM2HaXmMc8pxkOcYvcgqtI5wUefnrZndNFcjicNk1LFm4bw8AHyot7tycaPoxggLUWwnINp72mSdcxNAlYM4JHiaA%2F640%3Fwx_fmt%3Djpeg
338,18580,粤菜,葱油饼,167,其他类,1500,32,https://timgsa.baidu.com/timg?image&quality=80&size=b9999_10000&sec=1558123722905&di=c527a60c6c6aa735df743b5eb5613838&imgtype=0&src=http%3A%2F%2Fqjzhf.gov.cn%2FUploadFiles%2FOverview%2F2014%2F5%2F201405271626303041.jpg
339,18581,徽菜,奉送水果,199,其他类,414,25,
340,18582,湘菜,山野蕨根粉,199,其他类,882,56,https://timgsa.baidu.com/timg?image&quality=80&size=b9999_10000&sec=1558123760948&di=a6ac4ca0bfc9f544359b03c83c6c9dce&imgtype=0&src=http%3A%2F%2Fqcloud.dpfile.com%2Fpc%2Fy4GR7hOh7Tw147eGIr8TKg2XRS6ABYwN39Y-TdvrMPSWTqzeJilPSRAbL6Zqa-DvTYGVDmosZWTLal1WbWRW3A.jpg
341,18583,粤菜,油炸花生米,117,其他类,580,29,https://timgsa.baidu.com/timg?image&quality=80&size=b9999_10000&sec=1558123784423&di=97c4454139a4cc5640a213e83c71f249&imgtype=0&src=http%3A%2F%2Fgoodsimg2.wolianw.com%2Fgoods%2F1_1%2F2_1%2F3_28%2F4_156%2F1111130%2F5089228414245089228397897C94C5E0-4998-42A2-8307-B4936124C2AF.JPG
342,18584,鲁菜,凉拌海蜇头,77,其他类,908,51,https://timgsa.baidu.com/timg?image&quality=80&size=b9999_10000&sec=1558123803517&di=28e8d1c5bddd196490b53b038fd48ed6&imgtype=0&src=http%3A%2F%2Fwww.jinshizunvip.com%2FContent%2FImages%2Fuploaded%2F%25E6%25B5%25B7%25E9%25B2%259C%25E8%25AF%25A6%25E6%2583%2585%25E9%25A1%25B5%2F%25E6%25B5%25B7%25E9%25B2%259C%25E5%2581%259A%25E6%25B3%2595%2F13951623_104857489112_2.jpg
343,18585,苏菜,凉拌黑木耳,133,其他类,1266,90,https://timgsa.baidu.com/timg?image&quality=80&size=b9999_10000&sec=1558123821598&di=541135b5524d7f343c29078b31d801ae&imgtype=0&src=http%3A%2F%2Fpic117.nipic.com%2Ffile%2F20161206%2F8019207_161108626000_2.jpg
344,18586,湘菜,潮州卤水拼盘,89,其他类,927,81,https://timgsa.baidu.com/timg?image&quality=80&size=b9999_10000&sec=1558718563&di=3fef4e1d7a04f2556c141332ce49371c&imgtype=jpg&er=1&src=http%3A%2F%2Fimg5.ph.126.net%2FyRbK9N7ZTx8dWhxuEZRl_A%3D%3D%2F47569271081161095.jpg
345,18587,川菜,姜葱炒板蟹,91,海鲜类,758,87,https://timgsa.baidu.com/timg?image&quality=80&size=b9999_10000&sec=1558123872419&di=41b62c16cab81f08ecf16e19c8c0e8a9&imgtype=0&src=http%3A%2F%2Fn.sinaimg.cn%2Ftranslate%2F200%2Fw1080h720%2F20181216%2FKH1F-hqhqcir5384108.jpg
346,18588,粤菜,清蒸多宝鱼,179,鱼类,1066,29,https://timgsa.baidu.com/timg?image&quality=80&size=b9999_10000&sec=1558123886894&di=8012c3d4d8964371c79bf6e3e8b81ff0&imgtype=0&src=http%3A%2F%2Fpic161.nipic.com%2Ffile%2F20180411%2F26403536_104300708529_2.jpg
347,18589,湘菜,辣酒煮小花螺,174,海鲜类,1017,84,https://timgsa.baidu.com/timg?image&quality=80&size=b9999_10000&sec=1558123911278&di=1d3733343915ba90c492760e304d3ca2&imgtype=0&src=http%3A%2F%2Fwww.jiahaofoods.com%2FItemsImg%2F20121210101401-%25E8%25BE%25A3%25E9%2585%2592%25E7%2585%25AE%25E8%258A%25B1%25E8%259E%25BA.jpg
348,18590,鲁菜,蒜蓉蒸波斯顿龙虾,72,海鲜类,1381,32,https://timgsa.baidu.com/timg?image&quality=80&size=b9999_10000&sec=1558123934700&di=360fbcd00e60c85c63afd92105a0c243&imgtype=0&src=http%3A%2F%2F5b0988e595225.cdn.sohucs.com%2Fimages%2F20181001%2Ff94e8f13b15f46ccbdaa6911c038fb3a.jpeg
349,18591,川菜,五圆整鸡,89,肉类,1138,85,https://timgsa.baidu.com/timg?image&quality=80&size=b9999_10000&sec=1558123953029&di=6bf6571b0c06bf4930d2ac6e8f9f4cb5&imgtype=0&src=http%3A%2F%2Fp1.meituan.net%2Fdeal%2F__47130669__9169370.jpg
350,18592,鲁菜,土芹菜炒卤牛肉,51,肉类,1838,35,https://timgsa.baidu.com/timg?image&quality=80&size=b9999_10000&sec=1558123971054&di=9fb841d1bec93b89f4bcd4cd994dee93&imgtype=0&src=http%3A%2F%2Fcp2.douguo.net%2Fupload%2Fdish%2Fe%2Fe%2Fb%2F600_eeb2ae657f9cddc4b6b8e7827e6de3fb.jpg
351,18593,浙菜,干锅宁乡花猪肉,67,肉类,1378,49,https://timgsa.baidu.com/timg?image&quality=80&size=b9999_10000&sec=1558123985777&di=69ee4feba007148ef56d64da7fda2537&imgtype=0&src=http%3A%2F%2Fe.hiphotos.baidu.com%2Flbc%2Fw%253D448%253Bq%253D90%2Fsign%3Dcfc6f30a8501a18bf0eb134ba6147635%2Fb8389b504fc2d562c127a5cbe51190ef76c66cec.jpg
352,18594,川菜,玉米炒百合,74,其他类,1535,71,https://timgsa.baidu.com/timg?image&quality=80&size=b9999_10000&sec=1558124019571&di=8e0e76a3dc9bc20744820cb16534a347&imgtype=0&src=http%3A%2F%2Fpic.pingguolv.com%2Fuploads%2Fallimg%2F180619%2F154-1P619205A1.jpg
353,18595,浙菜,吴氏土炒鸡,189,肉类,252,56,
354,18596,苏菜,湘阴家宴笋,121,其他类,1317,39,https://timgsa.baidu.com/timg?image&quality=80&size=b9999_10000&sec=1558124088647&di=e75f766f8c27a22a4d2fba35cb03ebd5&imgtype=0&src=http%3A%2F%2Fimg.chiheba.com%2F2013%2F0613%2F123803%2F20130613123803931.jpg
355,18597,粤菜,清炒时蔬,109,其他类,558,99,https://timgsa.baidu.com/timg?image&quality=80&size=b9999_10000&sec=1558124113427&di=ece5546754b0ca94b82b075195210158&imgtype=0&src=http%3A%2F%2Fimages4.c-ctrip.com%2Ftarget%2Ftuangou%2F328%2F517%2F979%2F5bf7bc1c268e49f3ba958f5efbdeb0b9_720_480_s.jpg
356,18598,苏菜,美点双辉,187,其他类,1881,60,https://timgsa.baidu.com/timg?image&quality=80&size=b9999_10000&sec=1558124134546&di=da48f470b7db7f42959f248621e8597f&imgtype=0&src=http%3A%2F%2Fimg3.redocn.com%2Ftupian%2F20141231%2Fxiaochimeidianshuanghui_3523341.jpg
357,18599,粤菜,奉送水果,117,其他类,1618,12,
358,18600,粤菜,精美凉菜4碟,156,其他类,1961,60,https://timgsa.baidu.com/timg?image&quality=80&size=b9999_10000&sec=1558124169679&di=528990876e0938fbcc9f0bf60ac02fc5&imgtype=0&src=http%3A%2F%2Fp1.meituan.net%2Fdeal%2F__31975173__6069622.jpg
359,18601,浙菜,香辣蟹,191,海鲜类,1081,62,https://timgsa.baidu.com/timg?image&quality=80&size=b9999_10000&sec=1558124198442&di=2e6579f48e61a7cab16781c34aaecfb6&imgtype=0&src=http%3A%2F%2Fattachment.jmw.com.cn%2Fcomp_uploadfile%2Fslt%2F2015%2F12%2F08%2Fs1_24271449540911.jpg
360,18602,徽菜,活鲍鱼焖贵妃鸡,62,鱼类,379,24,https://timgsa.baidu.com/timg?image&quality=80&size=b9999_10000&sec=1558124240087&di=4ec9b4a3175fcf7ed728416ca80d09de&imgtype=0&src=http%3A%2F%2Fpic77.nipic.com%2Ffile%2F20150915%2F19521820_144118806000_2.jpg
361,18603,鲁菜,香辣寸骨肉,131,肉类,1953,33,https://timgsa.baidu.com/timg?image&quality=80&size=b9999_10000&sec=1558124265532&di=234057b8ba92beff77620683c3a08015&imgtype=0&src=http%3A%2F%2Fimg.redocn.com%2Fsheying%2F20150628%2Fxianglachaigurou_4587536.jpg
362,18604,苏菜,干锅花猪肉,158,肉类,390,49,https://timgsa.baidu.com/timg?image&quality=80&size=b9999_10000&sec=1558124287759&di=26f33f1c1ac7b25c3946610e9154ce13&imgtype=0&src=http%3A%2F%2Fimg3.redocn.com%2Ftupian%2F20141023%2Fganguoningxianghuazhurou_3297815.jpg
363,18605,鲁菜,香芋蒸排骨,194,肉类,214,57,https://timgsa.baidu.com/timg?image&quality=80&size=b9999_10000&sec=1558124302201&di=7c32ba61d56f6e4f46549fdc81dcb186&imgtype=0&src=http%3A%2F%2Fmmbiz.qpic.cn%2Fmmbiz_jpg%2F9r7vpClFkR3JfwmVx0WQW2Ed5wy4M0M6N0fvXAn2TO8LNVqJyTImKYgVFXfTYJQlnxSGYlX9dHE1cHUaCQ6vvw%2F640%3Fwx_fmt%3Djpeg
364,18606,粤菜,清蒸桂鱼,166,鱼类,1524,16,https://timgsa.baidu.com/timg?image&quality=80&size=b9999_10000&sec=1558124321881&di=e8c41c3055cae55f6e43d31603cb6b0a&imgtype=0&src=http%3A%2F%2Fd.hiphotos.baidu.com%2Fbaike%2Fc0%253Dbaike60%252C5%252C5%252C60%252C20%253Bt%253Dgif%2Fsign%3D4ea5afbb49540923be646b2cf331ba6c%2F0bd162d9f2d3572cd2cbcd448a13632762d0c379.jpg
365,18607,粤菜,基围虾两吃,192,海鲜类,1269,64,https://timgsa.baidu.com/timg?image&quality=80&size=b9999_10000&sec=1558124340723&di=a028b2950fdd778834f2aab00531c7ab&imgtype=0&src=http%3A%2F%2Fp1.meituan.net%2Fdeal%2F201207%2F24%2F_0724172807.jpg
366,18608,粤菜,小炒黄牛肉,172,肉类,250,67,https://timgsa.baidu.com/timg?image&quality=80&size=b9999_10000&sec=1558124360716&di=ca5c0a8b85b6640b43a1ac57501dc399&imgtype=0&src=http%3A%2F%2Fp0.meituan.net%2Fdeal%2F__36555895__9101622.jpg
367,18609,湘菜,砂钵牛蛙,162,肉类,1170,71,https://timgsa.baidu.com/timg?image&quality=80&size=b9999_10000&sec=1558124378485&di=246b6a218c17a795d49a6c513b042e29&imgtype=0&src=http%3A%2F%2Fimg.redocn.com%2Fsheying%2F20150723%2Fshaniuwa_4708932.jpg
368,18610,湘菜,爆炒斑鸠,97,其他类,913,17,https://timgsa.baidu.com/timg?image&quality=80&size=b9999_10000&sec=1558124394633&di=8e1d27ade9fc1049b261e670cb90bc33&imgtype=0&src=http%3A%2F%2Fpic47.huitu.com%2Fres%2F20160109%2F636269_20160109120747240500_1.jpg
369,18611,鲁菜,汽锅肉丸汤,91,肉类,1199,30,https://timgsa.baidu.com/timg?image&quality=80&size=b9999_10000&sec=1558124422333&di=b1c5c358c6598b8c5a2617747d8a8156&imgtype=0&src=http%3A%2F%2Fpic36.photophoto.cn%2F20150707%2F1155117242941216_b.jpg
370,18612,徽菜,有机时蔬,67,其他类,1236,29,https://timgsa.baidu.com/timg?image&quality=80&size=b9999_10000&sec=1558124450908&di=914fcdea6e2b877923ef8d57671bbcd1&imgtype=0&src=http%3A%2F%2Fs0.nuomi.bdimg.com%2Fupload%2F2013%2F12-30%2F1388398624373-0555.jpg
371,18613,鲁菜,捞面馒头2个,72,其他类,1875,27,https://timgsa.baidu.com/timg?image&quality=80&size=b9999_10000&sec=1558124469240&di=adfe4f2f54fc12961bbefc1ec67ca62e&imgtype=0&src=http%3A%2F%2Fs3-us-west-2.amazonaws.com%2Fcssa%2FcdsIMG_4519.JPG
